client_id,cluster,client_type,gender,country,region,acquisition_purpose,loan_applied,referral_channel,age,satisfaction_score,property_count,total_property_value,average_property_value,average_floor_area
C0001,1,Individual,F,USA,California,Home,Yes,Website,57,4,4,1246764.72,311691.18,983.885
C0002,7,Individual,M,USA,California,Home,No,Website,63,1,5,1841095.9300000002,368219.18600000005,1187.942
C0003,8,Individual,M,USA,California,Home,Yes,Agency,66,4,5,1661457.5899999999,332291.518,1058.1100000000001
C0004,7,Individual,M,USA,California,Home,No,Website,66,5,6,1608263.51,268043.91833333333,937.1033333333334
C0005,9,Company,M,USA,California,Investment,No,Website,49,5,13,3653385.38,281029.64461538463,927.2961538461539
C0006,1,Individual,M,USA,California,Home,Yes,Website,68,3,5,1514131.06,302826.212,989.5899999999999
C0007,9,Individual,M,Canada,Quebec,Investment,No,Website,78,5,11,3251147.83,295558.8936363636,995.6936363636363
C0008,2,Individual,F,USA,California,Home,No,Website,56,5,5,1476730.4100000001,295346.08200000005,1031.106
C0009,4,Individual,M,USA,California,Investment,No,Agency,50,5,5,1820832.35,364166.47000000003,1305.644
C0010,4,Individual,M,USA,Oregon,Investment,No,Agency,59,3,5,1732434.0,346486.8,1140.206
C0011,1,Individual,F,USA,California,Home,Yes,Website,69,2,5,1325211.52,265042.304,935.914
C0012,5,Company,M,USA,California,Investment,No,Website,50,5,4,1599526.4,399881.6,1317.445
C0013,1,Individual,M,USA,California,Home,Yes,Website,63,1,5,2142750.89,428550.178,1407.376
C0014,1,Company,M,USA,California,Home,Yes,Website,45,3,4,1548140.0699999998,387035.01749999996,1280.5425
C0015,3,Individual,F,USA,California,Home,No,Client,84,5,5,1585907.37,317181.47400000005,1030.764
C0016,5,Individual,F,USA,California,Investment,No,Website,86,5,4,1010217.73,252554.4325,842.145
C0017,3,Individual,M,USA,Arizona,Home,No,Client,49,3,5,1778693.75,355738.75,1195.8139999999999
C0018,8,Individual,M,USA,California,Home,Yes,Agency,58,2,4,1061478.67,265369.6675,913.8325
C0019,3,Individual,M,USA,California,Home,Yes,Client,68,5,4,1773474.26,443368.565,1402.0425
C0020,2,Individual,F,USA,California,Home,No,Website,58,5,4,1508032.25,377008.0625,1307.08
C0021,9,Individual,M,USA,Oregon,Investment,No,Website,87,3,6,1928172.72,321362.12,1028.86
C0022,4,Individual,M,Germany,Berlin,Investment,No,Agency,59,5,4,1372403.2,343100.8,1247.4850000000001
C0023,1,Individual,M,USA,California,Home,Yes,Website,67,3,5,1457871.69,291574.338,948.3880000000001
C0024,9,Individual,M,USA,California,Investment,No,Website,62,4,6,1884156.9000000001,314026.15,1053.735
C0025,1,Individual,M,USA,Nevada,Home,Yes,Website,89,2,5,1694448.83,338889.766,1120.576
C0026,9,Individual,M,USA,California,Investment,No,Website,63,5,10,2932241.75,293224.175,1002.383
C0027,1,Individual,M,USA,California,Home,Yes,Website,57,5,5,1517969.44,303593.888,1070.234
C0028,3,Individual,F,USA,California,Home,No,Client,67,3,5,1791082.79,358216.558,1266.366
C0029,8,Individual,F,USA,Colorado,Home,Yes,Agency,49,4,4,1247795.31,311948.8275,993.05
C0030,2,Individual,F,USA,Nevada,Home,No,Website,73,3,4,1547311.29,386827.8225,1279.3725
C0031,1,Individual,M,USA,Nevada,Home,Yes,Website,48,4,5,1077148.21,215429.642,677.3399999999999
C0032,7,Individual,M,USA,California,Home,No,Website,59,4,5,1888995.1600000001,377799.032,1282.528
C0033,1,Individual,F,USA,California,Home,Yes,Website,57,3,4,1404998.67,351249.6675,1250.4325
C0034,0,Individual,F,Belgium,Brussels,Home,No,Agency,56,2,5,1632608.66,326521.73199999996,1160.556
C0035,9,Individual,M,Mexico,Mexico City,Home,No,Agency,60,3,5,1987876.4,397575.27999999997,1445.752
C0036,7,Individual,M,USA,California,Home,No,Website,52,4,4,1173683.53,293420.8825,963.325
C0037,1,Individual,F,USA,California,Home,Yes,Website,63,5,5,1607228.75,321445.75,1018.368
C0038,3,Individual,F,USA,California,Investment,No,Client,51,4,4,1175129.27,293782.3175,1105.1225
C0039,2,Individual,F,Russia,Krasnodar Krai,Home,No,Agency,58,1,4,1858527.54,464631.885,1365.68
C0040,7,Individual,M,USA,Nevada,Home,No,Website,50,5,6,1854608.29,309101.38166666665,1047.8
C0041,1,Individual,M,USA,Arizona,Home,Yes,Website,58,1,5,1374460.79,274892.158,872.838
C0042,1,Individual,F,USA,Utah,Home,Yes,Website,50,1,4,1101390.25,275347.5625,913.8425
C0043,6,Individual,M,USA,Nevada,Investment,Yes,Website,60,3,4,1126492.46,281623.115,983.505
C0044,2,Individual,F,USA,Arizona,Home,No,Website,94,3,4,1330493.26,332623.315,1106.8675
C0045,4,Individual,M,USA,Colorado,Investment,No,Agency,57,2,5,1463432.3599999999,292686.47199999995,913.774
C0046,9,Individual,F,USA,California,Home,No,Client,61,5,8,2026517.4,253314.675,857.8050000000001
C0047,0,Individual,M,USA,Colorado,Home,No,Agency,55,2,5,1438239.28,287647.856,953.568
C0048,8,Individual,M,USA,California,Home,Yes,Agency,68,3,4,1338718.0,334679.5,1026.3200000000002
C0049,2,Individual,F,USA,California,Home,No,Website,54,1,4,1390091.2,347522.8,1204.3675
C0050,9,Individual,M,USA,California,Home,No,Website,85,5,9,2744452.35,304939.15,993.5088888888889
C0051,0,Individual,F,USA,Colorado,Home,No,Agency,84,3,4,1270440.42,317610.105,1039.56
C0052,3,Individual,F,USA,Oregon,Investment,No,Client,58,2,4,1474211.53,368552.8825,1187.925
C0053,0,Individual,M,USA,Arizona,Home,No,Agency,72,4,4,1120539.44,280134.86,929.245
C0054,9,Company,M,USA,Nevada,Investment,No,Website,58,5,6,2109277.6,351546.26666666666,1115.6333333333334
C0055,8,Individual,F,USA,California,Home,Yes,Agency,52,5,4,1178979.21,294744.8025,989.8299999999999
C0056,4,Individual,M,USA,Oregon,Investment,No,Agency,61,5,4,1579301.3599999999,394825.33999999997,1355.5975
C0057,8,Individual,M,USA,California,Home,Yes,Agency,92,4,5,2020519.52,404103.904,1344.1439999999998
C0058,6,Company,F,USA,California,Investment,Yes,Website,56,1,5,1441406.17,288281.234,919.8399999999999
C0059,7,Individual,M,USA,California,Home,No,Website,65,2,4,1278854.25,319713.5625,1102.44
C0060,2,Individual,F,USA,California,Home,No,Website,53,5,4,1355662.25,338915.5625,1119.4675
C0061,0,Individual,M,USA,Utah,Home,No,Agency,58,5,4,1306907.58,326726.895,1101.62
C0062,3,Individual,M,USA,California,Home,Yes,Client,51,5,5,1489333.49,297866.698,1059.8319999999999
C0063,2,Individual,F,USA,Arizona,Home,No,Website,83,4,5,1625480.88,325096.176,1112.538
C0064,4,Individual,M,UK,Northern Ireland,Investment,No,Agency,51,4,4,1448881.28,362220.32,1095.85
C0065,0,Individual,M,USA,California,Home,No,Agency,53,1,4,1557125.73,389281.4325,1261.5275
C0066,3,Individual,F,USA,California,Investment,No,Client,51,3,4,1107164.17,276791.0425,932.7550000000001
C0067,7,Individual,M,USA,California,Home,No,Website,48,2,5,1431941.84,286388.368,851.818
C0068,8,Individual,F,USA,Colorado,Home,Yes,Agency,59,5,4,1572779.33,393194.8325,1450.2925
C0069,5,Individual,M,USA,California,Investment,No,Website,55,4,5,1439142.47,287828.494,957.588
C0070,1,Individual,F,USA,Arizona,Home,Yes,Website,78,4,5,1521570.62,304314.124,1039.274
C0071,3,Individual,M,USA,California,Home,Yes,Client,40,1,5,1150384.09,230076.81800000003,833.3799999999999
C0072,9,Individual,M,USA,Nevada,Investment,No,Website,72,2,6,2246488.58,374414.76333333337,1129.4916666666666
C0073,4,Individual,F,Denmark,Capital Region,Investment,No,Agency,61,1,4,1413902.33,353475.5825,1194.0325
C0074,3,Individual,F,USA,Oregon,Investment,No,Client,67,5,5,1709458.65,341891.73,1138.044
C0075,2,Individual,F,USA,California,Home,No,Website,55,3,4,1269395.74,317348.935,1048.3425
C0076,9,Individual,M,USA,California,Home,No,Agency,69,5,6,1905852.0899999999,317642.01499999996,1067.28
C0077,7,Individual,M,USA,California,Home,No,Website,45,5,5,1880012.18,376002.436,1191.826
C0078,2,Individual,F,USA,California,Home,No,Website,77,5,4,1685882.3900000001,421470.59750000003,1415.63
C0079,5,Individual,M,Belgium,Brussels,Investment,No,Website,71,4,4,1456436.3,364109.075,1219.0675
C0080,5,Individual,F,USA,California,Investment,No,Website,77,3,5,1427531.56,285506.31200000003,965.024
C0081,1,Individual,F,USA,California,Home,Yes,Website,82,4,4,1522144.26,380536.065,1252.745
C0082,3,Individual,F,USA,Virginia,Investment,No,Client,44,5,5,1282267.95,256453.59,884.2239999999999
C0083,7,Individual,M,USA,California,Home,No,Website,87,5,6,1513641.46,252273.57666666666,851.395
C0084,9,Individual,M,USA,Wyoming,Home,No,Agency,77,3,5,1762231.92,352446.38399999996,1083.6119999999999
C0085,8,Individual,M,USA,California,Home,Yes,Agency,59,4,4,1185505.46,296376.365,986.395
C0086,1,Individual,F,USA,California,Home,Yes,Website,57,3,5,1928188.6099999999,385637.72199999995,1354.634
C0087,0,Individual,F,USA,California,Home,No,Agency,46,4,4,1681153.28,420288.32,1287.6625
C0088,9,Individual,M,USA,Oregon,Investment,No,Website,89,2,6,1450519.57,241753.2616666667,786.9733333333334
C0089,0,Individual,M,USA,California,Home,No,Agency,76,3,4,1041853.81,260463.4525,854.79
C0090,3,Individual,M,USA,California,Home,No,Client,43,5,5,980850.4199999999,196170.08399999997,703.798
C0091,2,Individual,F,USA,California,Home,No,Website,66,4,4,1356644.74,339161.185,1161.6775
C0092,9,Individual,M,USA,Kansas,Home,No,Website,54,3,8,2817926.96,352240.87,1218.0425
C0093,9,Individual,M,USA,California,Home,No,Agency,63,2,5,1732558.38,346511.676,1196.466
C0094,2,Individual,F,USA,California,Home,No,Website,77,5,5,1062675.82,212535.16400000002,692.664
C0095,8,Individual,M,USA,California,Home,Yes,Agency,61,3,6,1668973.02,278162.17,923.105
C0096,6,Individual,M,USA,California,Investment,Yes,Website,40,3,4,1363013.17,340753.2925,1113.615
C0097,9,Individual,M,USA,Virginia,Home,Yes,Website,82,5,7,2189906.04,312843.72000000003,1061.722857142857
C0098,8,Individual,F,Russia,Saint Petersburg,Home,Yes,Agency,76,3,4,1131592.65,282898.1625,981.955
C0099,9,Individual,M,USA,California,Investment,No,Website,84,4,6,2000308.58,333384.76333333337,1201.5883333333334
C0100,7,Individual,M,USA,California,Home,No,Website,56,3,4,1449544.65,362386.1625,1174.44
C0101,2,Individual,F,USA,Nevada,Home,No,Website,74,3,4,1125013.8,281253.45,874.345
C0102,9,Individual,M,USA,California,Investment,Yes,Website,78,5,9,3403263.85,378140.4277777778,1222.908888888889
C0103,7,Individual,M,USA,Colorado,Home,No,Website,52,3,5,1483838.77,296767.754,964.9799999999999
C0104,7,Individual,M,USA,California,Home,No,Website,47,5,5,1677155.01,335431.002,1090.3
C0105,6,Individual,F,USA,California,Investment,Yes,Website,66,2,5,1328084.36,265616.87200000003,850.948
C0106,7,Individual,M,USA,Colorado,Home,No,Website,72,4,4,957679.27,239419.8175,820.9825000000001
C0107,8,Individual,M,USA,California,Home,Yes,Agency,66,4,5,1715058.23,343011.646,1102.66
C0108,9,Individual,M,USA,California,Home,No,Agency,67,4,6,1998798.72,333133.12,1104.1699999999998
C0109,6,Individual,F,USA,California,Investment,Yes,Agency,92,5,5,1995551.0899999999,399110.218,1285.854
C0110,6,Individual,F,USA,California,Investment,Yes,Agency,66,5,5,1205555.46,241111.092,811.4019999999999
C0111,1,Individual,M,USA,Arizona,Home,Yes,Website,46,2,4,1198421.22,299605.305,896.7175
C0112,6,Individual,F,USA,California,Investment,Yes,Agency,65,1,5,1775142.2,355028.44,1115.986
C0113,4,Individual,M,USA,Utah,Investment,No,Agency,76,4,4,1414433.46,353608.365,1186.715
C0114,1,Individual,F,USA,California,Home,Yes,Website,63,1,4,1124004.05,281001.0125,932.9449999999999
C0115,0,Individual,F,USA,California,Home,No,Agency,47,5,5,1757354.59,351470.918,1143.692
C0116,9,Individual,F,USA,California,Investment,No,Website,70,4,8,2484590.08,310573.76,1039.8925
C0117,9,Individual,M,UK,Scotland,Investment,No,Agency,61,4,8,2884556.25,360569.53125,1135.78625
C0118,4,Individual,F,USA,Oregon,Investment,No,Agency,77,5,4,1218377.19,304594.2975,1009.1225
C0119,1,Individual,F,USA,California,Home,Yes,Website,83,1,4,1603043.92,400760.98,1399.315
C0120,1,Individual,F,USA,California,Home,Yes,Website,72,4,5,1753587.39,350717.478,1243.96
C0121,7,Individual,M,USA,Nevada,Home,No,Website,75,2,5,1169150.31,233830.062,806.688
C0122,8,Individual,F,USA,California,Home,Yes,Agency,52,1,4,1412560.68,353140.17,1085.975
C0123,1,Individual,F,USA,California,Home,Yes,Website,63,4,5,1821348.69,364269.738,1230.6599999999999
C0124,0,Individual,F,USA,California,Home,No,Agency,62,4,5,1613985.08,322797.016,1184.6299999999999
C0125,8,Individual,M,USA,Colorado,Home,Yes,Agency,49,4,4,1341108.25,335277.0625,1148.5475
C0126,4,Individual,F,USA,California,Investment,No,Agency,53,2,5,1319929.46,263985.892,850.052
C0127,1,Individual,M,USA,Nevada,Home,Yes,Website,51,2,4,967474.23,241868.5575,765.085
C0128,6,Company,M,USA,Nevada,Investment,Yes,Website,62,5,5,1639392.9500000002,327878.59,1054.034
C0129,5,Individual,M,USA,Arizona,Investment,No,Website,52,5,4,1748372.75,437093.1875,1296.9850000000001
C0130,1,Individual,M,USA,Nevada,Home,Yes,Website,66,3,4,1488042.88,372010.72,1215.035
C0131,7,Individual,M,USA,California,Home,No,Website,54,1,5,1428058.5499999998,285611.70999999996,928.7940000000001
C0132,8,Individual,M,USA,Nevada,Home,Yes,Agency,60,1,4,1203775.04,300943.76,1025.1775
C0133,4,Individual,M,USA,California,Investment,No,Agency,79,4,4,1449799.93,362449.9825,1177.4025000000001
C0134,5,Individual,F,Russia,Novosibirsk,Investment,No,Website,93,3,5,1761669.8699999999,352333.974,1095.602
C0135,4,Individual,M,USA,Utah,Investment,No,Agency,86,2,4,1221442.92,305360.73,1043.6100000000001
C0136,7,Individual,M,USA,California,Home,No,Website,52,3,5,1892554.72,378510.944,1244.274
C0137,1,Individual,F,USA,California,Home,Yes,Website,68,3,4,989750.45,247437.6125,855.0699999999999
C0138,6,Individual,F,USA,Oregon,Investment,Yes,Website,86,3,5,1367824.55,273564.91000000003,914.412
C0139,1,Individual,F,USA,California,Home,Yes,Website,56,5,5,1807366.3,361473.26,1136.694
C0140,2,Individual,F,USA,California,Home,No,Website,73,3,5,1559561.53,311912.306,1041.7220000000002
C0141,2,Individual,F,USA,California,Home,No,Website,39,5,5,1765019.09,353003.818,1088.806
C0142,1,Individual,F,USA,Nevada,Home,Yes,Website,47,3,5,1673770.19,334754.038,1149.396
C0143,9,Individual,M,USA,California,Home,No,Website,67,1,8,2389960.3,298745.0375,1008.6325
C0144,9,Individual,M,USA,California,Home,No,Agency,71,4,5,1897739.74,379547.948,1206.354
C0145,2,Individual,F,USA,California,Home,No,Website,61,4,5,1746571.55,349314.31,1297.3200000000002
C0146,7,Individual,M,USA,Colorado,Home,No,Website,62,2,4,1481536.3900000001,370384.09750000003,1242.6425
C0147,3,Individual,M,USA,Utah,Home,No,Client,77,4,5,1398309.27,279661.854,1000.47
C0148,6,Individual,M,USA,Colorado,Investment,Yes,Agency,56,4,4,1700383.7,425095.925,1413.5925
C0149,4,Individual,M,Russia,Krasnodar Krai,Investment,No,Agency,70,3,4,1049009.0,262252.25,906.4850000000001
C0150,1,Individual,M,USA,California,Home,Yes,Website,57,2,4,1846066.58,461516.645,1500.95
C0151,0,Individual,F,USA,Oregon,Home,No,Agency,49,1,5,1589086.32,317817.264,1123.442
C0152,9,Individual,F,USA,California,Investment,Yes,Agency,58,2,7,2539205.93,362743.7042857143,1212.7585714285713
C0153,2,Individual,F,USA,California,Home,No,Website,42,5,5,1560375.26,312075.052,944.0319999999999
C0154,8,Individual,F,USA,California,Home,Yes,Agency,60,4,5,2142457.31,428491.462,1390.49
C0155,4,Company,M,USA,California,Investment,No,Agency,50,5,5,1622885.53,324577.106,1097.394
C0156,2,Individual,F,USA,California,Home,No,Website,59,5,4,1344903.47,336225.8675,1102.105
C0157,3,Individual,M,USA,Colorado,Home,Yes,Client,73,2,4,1060400.03,265100.0075,830.7675
C0158,6,Individual,F,USA,Virginia,Investment,Yes,Agency,46,3,4,1439477.66,359869.415,1131.4975
C0159,7,Individual,M,USA,California,Home,No,Website,83,3,4,1596507.45,399126.8625,1336.7325
C0160,2,Individual,F,USA,California,Home,No,Website,66,4,5,1679716.96,335943.392,1144.06
C0161,9,Individual,M,USA,California,Home,No,Website,74,5,9,2534264.26,281584.91777777777,939.4144444444444
C0162,7,Individual,M,USA,California,Home,No,Website,72,4,4,1135363.52,283840.88,983.24
C0163,6,Individual,M,USA,Utah,Investment,Yes,Agency,39,5,4,1506594.21,376648.5525,1307.32
C0164,7,Individual,M,USA,Arizona,Home,No,Website,39,5,4,1436152.54,359038.135,1196.7975
C0165,1,Individual,F,USA,California,Home,Yes,Website,69,3,3,1276849.33,425616.44333333336,1357.1933333333334
C0166,8,Individual,F,USA,Arizona,Home,Yes,Agency,41,4,4,1273643.37,318410.8425,1025.3225
C0167,9,Individual,F,UK,Scotland,Home,Yes,Website,70,3,7,2749577.33,392796.7614285714,1320.3814285714286
C0168,0,Individual,F,USA,Nevada,Home,No,Agency,65,3,4,1491785.87,372946.4675,1329.6025
C0169,6,Individual,M,USA,Ohio,Investment,Yes,Agency,35,5,3,688864.2,229621.4,845.8633333333333
C0170,7,Individual,M,USA,California,Home,No,Website,76,5,3,1161316.17,387105.38999999996,1339.7466666666667
C0171,3,Individual,F,USA,Washington,Investment,Yes,Client,34,5,4,1278753.71,319688.4275,1070.72
C0172,8,Individual,F,USA,Washington,Home,Yes,Agency,33,1,4,1681471.9100000001,420367.97750000004,1572.79
C0173,9,Individual,F,USA,Arizona,Home,Yes,Agency,49,5,8,2619968.43,327496.05375,1074.5925
C0174,3,Individual,F,USA,California,Investment,No,Client,43,3,3,865359.73,288453.24333333335,869.7866666666667
C0175,0,Individual,M,USA,Washington,Home,No,Agency,63,5,4,1606138.1199999999,401534.52999999997,1313.38
C0176,9,Individual,F,USA,California,Home,No,Website,32,2,6,2681927.91,446987.98500000004,1514.8
C0177,9,Individual,F,UK,England,Home,Yes,Website,74,5,7,2269897.21,324271.02999999997,1160.9514285714286
C0178,9,Individual,F,USA,Virginia,Home,No,Agency,73,4,7,2665917.96,380845.42285714287,1284.9985714285715
C0179,9,Individual,F,USA,Oregon,Investment,No,Website,39,2,8,2131372.11,266421.51375,947.5450000000001
C0180,9,Individual,M,USA,California,Home,Yes,Agency,82,2,7,2660292.37,380041.76714285713,1249.51
C0181,9,Individual,M,USA,Texas,Home,Yes,Website,55,2,7,2047189.62,292455.66000000003,974.1771428571428
C0182,9,Individual,F,Germany,North Rhine-Westphalia,Investment,Yes,Website,54,1,8,3082362.35,385295.29375,1246.94625
C0183,7,Individual,M,USA,Nevada,Home,No,Website,37,3,7,1883106.92,269015.27428571426,907.1042857142857
C0184,9,Individual,M,USA,Florida,Home,No,Website,31,1,6,2618938.16,436489.69333333336,1481.7150000000001
C0185,9,Individual,F,USA,Nevada,Home,Yes,Agency,80,4,7,2491911.81,355987.40142857144,1137.2942857142857
C0186,9,Individual,F,USA,Virginia,Home,No,Website,43,1,8,2674286.63,334285.82875,1100.27125
C0187,9,Individual,F,USA,Florida,Home,No,Website,35,1,6,2066651.1400000001,344441.8566666667,1135.37
C0188,9,Individual,M,USA,Oregon,Home,Yes,Website,85,5,7,2891447.6,413063.9428571429,1263.962857142857
C0189,9,Individual,F,USA,California,Home,No,Agency,67,2,7,2209659.42,315665.6314285714,1024.6857142857143
C0190,9,Individual,F,USA,California,Home,No,Website,54,2,7,2276701.17,325243.02428571426,1049.1542857142856
C0191,9,Individual,F,USA,Florida,Home,No,Agency,48,3,8,2172926.7600000002,271615.84500000003,913.8512499999999
C0192,9,Individual,F,Belgium,Brussels,Investment,Yes,Website,41,2,7,2900509.0999999996,414358.4428571428,1304.7214285714288
C0193,9,Individual,F,USA,California,Investment,Yes,Website,57,4,7,1933778.2399999998,276254.03428571427,962.7214285714286
C0194,9,Individual,M,France,Ile-de-France,Home,Yes,Website,72,5,7,2759372.27,394196.03857142857,1237.292857142857
C0195,9,Individual,M,USA,California,Home,Yes,Website,78,2,7,2102233.85,300319.12142857147,1029.2714285714285
C0196,9,Individual,M,USA,Nevada,Investment,No,Agency,68,5,6,2611736.44,435289.4066666667,1411.9466666666667
C0197,9,Individual,M,USA,Virginia,Home,No,Client,81,4,8,2775768.6,346971.075,1082.87
C0198,9,Individual,F,USA,California,Home,No,Website,49,4,8,2399689.67,299961.20875,997.5475
C0199,9,Individual,M,USA,California,Home,No,Agency,67,3,7,2582959.87,368994.26714285713,1162.7385714285715
C0200,0,Individual,F,USA,California,Home,No,Agency,81,1,4,1071359.3900000001,267839.84750000003,920.7075
C0201,0,Individual,F,USA,California,Home,No,Agency,57,1,4,1298787.54,324696.885,1147.435
C0202,7,Individual,M,Canada,British Columbia,Home,No,Website,29,1,3,1019272.5900000001,339757.53,1049.3799999999999
C0203,3,Individual,F,USA,California,Home,No,Client,69,4,4,1242478.83,310619.7075,916.0375
C0204,0,Individual,F,USA,California,Home,No,Agency,79,5,3,934432.98,311477.66,1042.7266666666667
C0205,8,Individual,F,Mexico,Puebla,Home,Yes,Agency,57,1,3,949224.48,316408.16,1072.7266666666667
C0206,8,Individual,F,USA,California,Home,Yes,Agency,68,1,3,853060.9299999999,284353.6433333333,851.4266666666667
C0207,5,Individual,M,USA,Virginia,Investment,No,Website,81,4,3,889948.76,296649.58666666667,1104.51
C0208,8,Individual,M,France,Provence,Home,Yes,Agency,39,4,4,1199654.38,299913.595,997.4100000000001
C0209,4,Individual,M,USA,Arizona,Investment,No,Agency,76,3,4,979868.13,244967.0325,794.1275
C0210,2,Individual,F,USA,Colorado,Home,No,Website,82,2,4,1346156.55,336539.1375,1135.53
C0211,0,Individual,F,USA,California,Home,No,Agency,53,3,4,1254240.07,313560.0175,1053.27
C0212,0,Individual,M,USA,California,Home,No,Agency,69,4,3,1068278.76,356092.92,1224.68
C0213,4,Individual,M,USA,Florida,Investment,No,Agency,49,5,3,809691.13,269897.04333333333,897.3100000000001
C0214,5,Individual,F,Belgium,Brussels,Investment,No,Website,79,5,3,1070534.6400000001,356844.88000000006,1179.5233333333333
C0215,5,Individual,F,Germany,Hamburg,Investment,No,Website,26,4,3,1032856.46,344285.48666666663,1110.27
C0216,7,Individual,M,USA,Utah,Home,No,Website,26,1,4,1352642.3399999999,338160.58499999996,1063.04
C0217,2,Individual,F,USA,Colorado,Home,No,Website,41,3,4,1238434.91,309608.7275,1019.1225
C0218,2,Individual,F,USA,California,Home,No,Website,55,2,3,836639.27,278879.75666666665,913.6700000000001
C0219,7,Individual,M,USA,California,Home,No,Website,37,4,4,1267653.57,316913.3925,1035.1925
C0220,5,Individual,M,Canada,Ontario,Investment,No,Website,74,1,3,1060812.68,353604.2266666666,1101.55
C0221,2,Company,F,USA,California,Home,No,Website,38,5,4,1377133.5999999999,344283.39999999997,1186.5225
C0222,4,Individual,M,USA,Utah,Investment,No,Agency,69,3,3,1223560.82,407853.6066666667,1517.47
C0223,6,Individual,M,USA,Colorado,Investment,Yes,Website,52,3,4,969341.87,242335.4675,837.5225
C0224,7,Individual,M,USA,Colorado,Home,No,Website,65,5,3,1189255.63,396418.5433333333,1330.2166666666667
C0225,8,Individual,F,USA,California,Home,Yes,Agency,77,1,4,1120626.94,280156.735,905.7525
C0226,2,Individual,F,USA,Colorado,Home,No,Website,67,2,3,1571251.03,523750.3433333333,1599.3433333333332
C0227,1,Individual,F,USA,Arizona,Home,Yes,Website,81,5,3,942245.37,314081.79,1104.51
C0228,5,Individual,F,USA,Oregon,Investment,No,Website,73,4,3,606605.72,202201.90666666665,610.62
C0229,5,Individual,M,USA,Colorado,Investment,No,Website,44,5,3,892220.13,297406.71,900.46
C0230,6,Company,M,USA,Nevada,Investment,Yes,Website,48,4,4,1457429.02,364357.255,1104.2925
C0231,6,Individual,M,Denmark,Central Denmark,Investment,Yes,Website,32,2,3,729893.08,243297.69333333333,849.6366666666667
C0232,1,Individual,F,USA,California,Home,Yes,Website,63,3,4,1276710.4900000002,319177.62250000006,1036.6525
C0233,1,Individual,M,France,Provence,Home,Yes,Website,28,4,4,1105806.54,276451.635,914.3125
C0234,1,Individual,F,USA,New York,Home,Yes,Website,46,1,3,839967.04,279989.01333333337,973.09
C0235,7,Individual,M,USA,California,Home,No,Website,76,5,4,1268586.58,317146.645,1092.085
C0236,0,Individual,M,Canada,Manitoba,Home,No,Agency,53,3,3,1321475.69,440491.89666666667,1449.5
C0237,1,Individual,M,USA,California,Home,Yes,Website,41,5,3,1392353.31,464117.77,1630.1366666666665
C0238,8,Individual,F,USA,Virginia,Home,Yes,Agency,44,4,3,1125732.72,375244.24,1125.17
C0239,1,Individual,F,USA,Oregon,Home,Yes,Website,52,3,4,1352763.67,338190.9175,1011.5799999999999
C0240,5,Individual,F,USA,Colorado,Investment,No,Website,83,3,3,935028.28,311676.0933333333,1022.67
C0241,1,Individual,F,Mexico,Nuevo Leon,Home,Yes,Website,64,5,3,1025934.71,341978.23666666663,1110.27
C0242,8,Individual,M,USA,Utah,Home,Yes,Agency,27,3,4,1358315.73,339578.9325,1191.1025
C0243,2,Individual,F,USA,Utah,Home,No,Website,47,2,4,1382777.8900000001,345694.47250000003,1286.2725
C0244,2,Individual,F,USA,California,Home,No,Website,27,1,3,1046652.28,348884.0933333333,1095.0333333333335
C0245,4,Individual,M,USA,Nevada,Investment,No,Agency,52,4,3,1354584.5,451528.1666666667,1439.256666666667
C0246,8,Individual,M,France,Normandy,Home,Yes,Agency,33,1,3,1024485.26,341495.08666666667,1117.9399999999998
C0247,7,Individual,M,USA,California,Home,No,Website,60,1,4,1696540.52,424135.13,1458.93
C0248,8,Individual,M,USA,Florida,Home,Yes,Agency,57,4,3,1035934.63,345311.54333333333,1224.68
C0249,4,Individual,F,USA,California,Investment,No,Agency,57,4,4,1142995.52,285748.88,1027.3249999999998
C0250,0,Individual,M,UK,England,Home,No,Agency,78,2,3,982306.66,327435.55333333334,1076.69
C0251,2,Individual,F,USA,Utah,Home,No,Website,49,5,3,463611.95,154537.31666666668,564.01
C0252,5,Individual,F,USA,Nevada,Investment,No,Website,72,2,3,1082221.48,360740.49333333335,1209.64
C0253,2,Individual,F,USA,Virginia,Home,No,Website,31,4,4,1239226.11,309806.5275,1052.8325
C0254,2,Individual,F,USA,Florida,Home,No,Website,69,5,4,1332152.57,333038.1425,1096.3725
C0255,3,Individual,F,UK,England,Investment,Yes,Client,64,3,4,1689083.06,422270.765,1253.3075
C0256,1,Individual,M,USA,California,Home,Yes,Website,35,1,3,1150229.15,383409.7166666666,1281.3166666666666
C0257,7,Individual,M,USA,California,Home,No,Website,51,1,3,1145456.23,381818.74333333335,1277.84
C0258,8,Individual,M,UK,Northern Ireland,Home,Yes,Agency,34,4,3,1001712.37,333904.12333333335,1173.1833333333334
C0259,2,Individual,F,USA,Oregon,Home,No,Website,35,4,3,779396.4099999999,259798.80333333332,842.68
C0260,5,Individual,F,USA,Nevada,Investment,No,Website,79,3,4,1057192.79,264298.1975,820.9225
C0261,6,Company,F,USA,Florida,Investment,Yes,Website,40,4,4,2094623.1,523655.775,1676.3825
C0262,7,Individual,M,USA,Oregon,Home,No,Website,78,2,3,1233260.4,411086.8,1359.24
C0263,6,Individual,M,USA,Nevada,Investment,Yes,Website,44,2,3,969140.41,323046.80333333334,1016.7633333333333
C0264,8,Individual,F,USA,Colorado,Home,Yes,Agency,33,2,4,1127766.02,281941.505,972.245
C0265,7,Company,M,Belgium,Flanders,Home,No,Website,58,1,4,1708031.99,427007.9975,1293.0725
C0266,8,Individual,M,USA,California,Home,Yes,Agency,48,5,3,931646.38,310548.79333333333,1078.7866666666666
C0267,8,Individual,F,USA,Utah,Home,Yes,Agency,77,4,4,1314495.01,328623.7525,1096.12
C0268,5,Individual,F,USA,Georgia,Investment,No,Website,66,3,4,1108939.8599999999,277234.96499999997,900.39
C0269,0,Individual,M,USA,New York,Home,No,Agency,56,2,3,1049110.08,349703.36000000004,1076.69
C0270,2,Individual,F,USA,Florida,Home,No,Website,81,5,3,924009.9,308003.3,983.4266666666667
C0271,4,Individual,F,USA,California,Investment,No,Agency,53,3,4,1295689.37,323922.3425,1024.3375
C0272,1,Individual,F,UK,Scotland,Home,Yes,Website,32,5,4,1439584.37,359896.0925,1248.58
C0273,5,Individual,M,Denmark,Zealand,Investment,No,Website,38,2,3,682452.64,227484.21333333335,801.46
C0274,7,Individual,M,USA,Florida,Home,No,Website,75,2,3,1343449.34,447816.4466666667,1467.89
C0275,1,Individual,M,USA,Oregon,Home,Yes,Website,25,1,4,1237500.3,309375.075,1177.3375
C0276,2,Individual,F,USA,Washington,Home,No,Website,72,5,3,1011195.98,337065.32666666666,1164.9766666666667
C0277,6,Individual,M,USA,Colorado,Investment,Yes,Agency,71,1,3,1123449.53,374483.1766666667,1286.4266666666667
C0278,6,Individual,F,USA,California,Investment,Yes,Website,70,2,3,1442538.67,480846.2233333333,1685.2766666666666
C0279,2,Individual,F,USA,Oregon,Home,No,Website,58,1,3,1012986.25,337662.0833333333,1170.3533333333332
C0280,3,Individual,M,USA,Florida,Home,No,Client,81,4,4,1282020.93,320505.2325,1154.2525
C0281,8,Individual,F,USA,California,Home,Yes,Agency,48,1,3,1256275.37,418758.4566666667,1388.4566666666667
C0282,5,Individual,F,USA,California,Investment,No,Website,28,1,4,973863.8,243465.95,858.9825
C0283,8,Individual,F,USA,Arizona,Home,Yes,Agency,63,2,4,1118599.47,279649.8675,922.54
C0284,3,Individual,M,USA,Arizona,Home,No,Client,48,4,4,1251975.85,312993.9625,994.0725
C0285,5,Individual,M,France,Ile-de-France,Investment,No,Website,26,3,4,1679056.13,419764.0325,1423.1725
C0286,0,Individual,M,UK,Scotland,Home,No,Agency,29,1,3,859353.0900000001,286451.03,988.6033333333334
C0287,2,Individual,F,Australia,New South Wales,Home,No,Website,35,5,3,1171265.03,390421.6766666667,1205.9633333333334
C0288,4,Individual,M,USA,Colorado,Investment,No,Agency,28,4,4,1364289.23,341072.3075,1198.3725
C0289,4,Individual,F,USA,California,Investment,No,Agency,32,5,4,1533862.35,383465.5875,1200.2725
C0290,7,Individual,M,USA,California,Home,No,Website,64,2,3,1215398.18,405132.7266666666,1337.1733333333334
C0291,0,Individual,M,USA,Nevada,Home,No,Agency,72,2,3,1322506.76,440835.58666666667,1523.6933333333334
C0292,0,Individual,F,USA,California,Home,No,Agency,80,1,4,1442818.3399999999,360704.58499999996,1084.0625
C0293,5,Individual,F,USA,California,Investment,No,Website,32,4,4,1580876.65,395219.1625,1299.3274999999999
C0294,1,Individual,M,USA,Nevada,Home,Yes,Website,62,3,4,1027250.91,256812.7275,825.1324999999999
C0295,0,Individual,M,Russia,Tatarstan,Home,No,Agency,58,3,3,1350375.73,450125.24333333335,1413.8666666666668
C0296,3,Individual,M,Canada,Manitoba,Home,Yes,Client,41,1,3,1142875.46,380958.48666666663,1238.0233333333333
C0297,4,Individual,F,UK,Wales,Investment,No,Agency,53,5,4,1709184.75,427296.1875,1422.9925
C0298,2,Individual,F,USA,Oregon,Home,No,Website,53,3,4,1262479.23,315619.8075,1069.63
C0299,0,Individual,F,UK,Wales,Home,No,Agency,48,5,4,1177661.76,294415.44,948.7574999999999
C0300,1,Individual,M,Canada,Alberta,Home,Yes,Website,66,5,3,844956.55,281652.18333333335,877.9633333333333
C0301,0,Individual,F,USA,Virginia,Home,No,Agency,66,4,3,1045776.52,348592.17333333334,1286.4266666666667
C0302,4,Individual,F,USA,Utah,Investment,No,Agency,49,1,4,1654300.33,413575.0825,1239.145
C0303,6,Individual,F,USA,Virginia,Investment,Yes,Website,68,5,4,1519113.12,379778.28,1242.0825
C0304,4,Individual,M,USA,California,Investment,No,Agency,66,1,4,1685753.28,421438.32,1333.5625
C0305,2,Individual,F,USA,Arizona,Home,No,Website,30,1,3,1327736.23,442578.74333333335,1493.243333333333
C0306,3,Individual,M,USA,California,Home,No,Client,37,1,4,1399698.79,349924.6975,1075.5049999999999
C0307,3,Individual,M,USA,California,Home,Yes,Client,33,5,4,1490170.3800000001,372542.59500000003,1167.105
C0308,6,Individual,F,Belgium,Flanders,Investment,Yes,Agency,53,4,3,1176582.54,392194.18,1343.8166666666666
C0309,2,Individual,F,USA,Washington,Home,No,Agency,68,4,3,1382649.58,460883.19333333336,1412.2166666666665
C0310,7,Individual,M,UK,Northern Ireland,Home,No,Website,33,3,3,1389329.62,463109.87333333335,1565.3233333333335
C0311,7,Individual,M,USA,Georgia,Home,No,Website,73,2,4,1632999.56,408249.89,1312.8225
C0312,1,Individual,M,USA,Nevada,Home,Yes,Website,85,3,4,1105668.66,276417.165,962.3199999999999
C0313,0,Company,M,USA,California,Home,No,Agency,51,1,3,1091085.9300000002,363695.31000000006,1190.3133333333333
C0314,4,Individual,M,USA,Washington,Investment,No,Agency,43,4,3,1040795.02,346931.67333333334,1138.4233333333334
C0315,5,Individual,M,Mexico,Baja California,Investment,No,Website,38,5,4,1178606.56,294651.64,979.6775
C0316,6,Individual,M,UK,Scotland,Investment,Yes,Website,28,4,4,1792447.27,448111.8175,1338.8999999999999
C0317,6,Individual,F,USA,California,Investment,Yes,Website,26,2,3,1248444.31,416148.10333333333,1451.2533333333333
C0318,2,Individual,F,Germany,Berlin,Home,No,Website,51,5,3,871968.67,290656.2233333333,927.6066666666666
C0319,1,Company,F,USA,Texas,Home,Yes,Website,30,5,4,2061054.65,515263.6625,1726.0575
C0320,3,Individual,M,USA,Texas,Home,Yes,Client,41,3,3,1317732.09,439244.03,1465.92
C0321,4,Individual,M,USA,California,Investment,No,Agency,33,2,4,1701753.71,425438.4275,1321.76
C0322,1,Individual,F,USA,California,Home,Yes,Website,29,2,3,1347002.93,449000.9766666666,1445.2933333333333
C0323,6,Individual,F,USA,California,Investment,Yes,Website,50,2,3,1230825.62,410275.2066666667,1308.5133333333333
C0324,7,Individual,M,USA,Washington,Home,No,Website,32,4,3,1147121.25,382373.75,1313.16
C0325,8,Individual,F,USA,California,Home,Yes,Agency,42,5,4,1205175.56,301293.89,1030.1225
C0326,6,Individual,M,USA,Oregon,Investment,Yes,Agency,67,4,4,1321975.5,330493.875,1028.1275
C0327,0,Individual,F,UK,Scotland,Home,No,Agency,64,1,4,1116366.72,279091.68,933.355
C0328,3,Individual,M,USA,California,Home,Yes,Client,79,1,4,1356560.31,339140.0775,1030.21
C0329,0,Individual,F,Germany,Hesse,Home,No,Agency,27,3,3,770062.4,256687.46666666667,922.6666666666666
C0330,7,Individual,M,USA,California,Home,No,Website,50,1,4,1331463.63,332865.9075,1146.9925
C0331,4,Individual,F,USA,California,Investment,No,Agency,41,3,4,1546334.4,386583.6,1259.95
C0332,5,Individual,M,USA,Texas,Investment,No,Website,36,3,3,1209987.46,403329.1533333333,1435.6633333333332
C0333,2,Individual,F,UK,Wales,Home,No,Website,70,3,3,1118960.06,372986.6866666667,1203.39
C0334,4,Individual,M,USA,Arizona,Investment,No,Agency,75,3,4,1445655.93,361413.9825,1047.99
C0335,7,Individual,M,USA,Arizona,Home,No,Website,50,4,4,1478341.12,369585.28,1190.4075
C0336,4,Individual,F,USA,California,Investment,No,Agency,54,5,3,1163690.5899999999,387896.8633333333,1226.8766666666668
C0337,1,Individual,M,USA,Arizona,Home,Yes,Website,83,3,3,759310.2,253103.4,893.3766666666667
C0338,1,Individual,M,USA,California,Home,Yes,Website,82,5,4,1488671.1300000001,372167.78250000003,1227.17
C0339,4,Individual,M,USA,Utah,Investment,No,Agency,62,5,4,1548824.23,387206.0575,1170.135
C0340,4,Individual,M,USA,California,Investment,No,Agency,85,2,3,1047500.4199999999,349166.80666666664,1263.5766666666666
C0341,4,Individual,M,USA,California,Investment,No,Agency,43,4,4,1679555.42,419888.855,1293.0725
C0342,3,Individual,M,USA,California,Investment,No,Client,51,2,3,1290567.3900000001,430189.13000000006,1286.43
C0343,2,Individual,F,USA,California,Home,No,Website,73,2,4,1630923.97,407730.9925,1374.585
C0344,1,Individual,M,Canada,British Columbia,Home,Yes,Website,28,2,4,1276344.68,319086.17,1059.9375
C0345,1,Individual,F,USA,New York,Home,Yes,Website,56,4,3,1339687.25,446562.4166666667,1510.3766666666668
C0346,0,Individual,F,USA,California,Home,No,Agency,62,5,3,1174812.8599999999,391604.2866666666,1271.67
C0347,1,Individual,M,USA,Washington,Home,Yes,Website,33,3,3,1378006.45,459335.48333333334,1471.6200000000001
C0348,6,Individual,M,USA,Colorado,Investment,Yes,Agency,43,5,4,1482633.92,370658.48,1246.7075
C0349,8,Individual,M,USA,Arizona,Home,Yes,Agency,50,2,3,1065745.84,355248.61333333334,1124.5
C0350,0,Individual,M,USA,Arizona,Home,No,Agency,33,2,3,1066408.3,355469.43333333335,1206.2733333333333
C0351,0,Individual,F,USA,Oregon,Home,No,Agency,64,5,4,1551113.76,387778.44,1260.0625
C0352,4,Individual,F,USA,Nevada,Investment,No,Agency,48,3,3,1339830.04,446610.01333333337,1447.82
C0353,0,Individual,F,USA,Arizona,Home,No,Agency,61,2,3,889855.16,296618.38666666666,980.8699999999999
C0354,2,Individual,F,USA,California,Home,No,Website,27,4,3,962196.6000000001,320732.2,1059.1499999999999
C0355,5,Individual,M,Mexico,Baja California,Investment,No,Website,74,1,3,1029593.97,343197.99,1273.45
C0356,2,Individual,F,USA,Georgia,Home,No,Website,49,3,4,964351.9,241087.975,816.16
C0357,2,Individual,F,USA,California,Home,No,Website,37,3,3,970629.22,323543.0733333333,1059.3466666666666
C0358,8,Individual,F,Australia,New South Wales,Home,Yes,Agency,47,3,3,1150919.74,383639.91333333333,1240.6066666666666
C0359,4,Individual,F,USA,California,Investment,No,Agency,74,1,3,1098189.8900000001,366063.2966666667,1308.5133333333333
C0360,8,Individual,F,USA,Utah,Home,Yes,Agency,77,2,4,1978026.48,494506.62,1676.3825
C0361,1,Individual,M,UK,England,Home,Yes,Website,67,1,4,1468372.25,367093.0625,1222.5974999999999
C0362,2,Individual,F,USA,Utah,Home,No,Website,25,4,3,1129669.4,376556.4666666666,1162.6166666666666
C0363,3,Individual,F,USA,Utah,Investment,No,Client,66,2,4,1232301.44,308075.36,929.6975
C0364,7,Individual,M,USA,Texas,Home,No,Website,81,2,4,1492505.18,373126.295,1261.78
C0365,4,Individual,M,USA,Colorado,Investment,No,Agency,63,5,3,951259.9,317086.63333333336,1164.9766666666667
C0366,7,Individual,M,USA,California,Home,No,Website,42,4,3,1420135.32,473378.44,1452.2633333333333
C0367,4,Individual,M,USA,California,Investment,No,Agency,61,4,4,1662617.88,415654.47,1269.065
C0368,8,Individual,F,USA,California,Home,Yes,Agency,33,4,4,1494552.45,373638.1125,1136.215
C0369,8,Individual,F,USA,Utah,Home,Yes,Agency,71,2,4,1586439.08,396609.77,1333.5625
C0370,2,Individual,F,Russia,Krasnodar Krai,Home,No,Website,68,1,4,1613633.3900000001,403408.34750000003,1334.8775
C0371,4,Individual,M,Belgium,Wallonia,Investment,No,Agency,55,3,3,827208.61,275736.2033333333,842.68
C0372,4,Individual,F,Belgium,Flanders,Investment,No,Agency,73,1,3,1280128.06,426709.35333333333,1361.7433333333333
C0373,0,Individual,F,USA,Georgia,Home,No,Agency,32,2,3,1047277.1799999999,349092.3933333333,1160.5133333333333
C0374,6,Individual,F,Australia,New South Wales,Investment,Yes,Agency,32,4,4,916825.86,229206.465,735.11
C0375,5,Individual,M,USA,California,Investment,No,Website,57,4,3,1178580.6400000001,392860.2133333334,1224.68
C0376,2,Individual,F,USA,California,Home,No,Website,72,3,3,1182808.29,394269.43,1361.7433333333333
C0377,7,Individual,M,USA,Washington,Home,No,Website,27,4,3,822780.32,274260.10666666663,904.0466666666667
C0378,6,Individual,F,USA,California,Investment,Yes,Website,68,3,3,812387.51,270795.83666666667,983.4266666666667
C0379,3,Company,M,USA,California,Investment,Yes,Client,48,2,4,1254919.3599999999,313729.83999999997,1115.505
C0380,1,Individual,F,USA,California,Home,Yes,Website,52,3,3,939708.87,313236.29,1175.45
C0381,8,Individual,M,USA,California,Home,Yes,Agency,65,5,3,878913.19,292971.0633333333,1188.2333333333333
C0382,6,Individual,M,USA,California,Investment,Yes,Agency,50,1,3,980139.25,326713.0833333333,980.8699999999999
C0383,4,Company,F,Mexico,Mexico City,Investment,No,Agency,40,3,4,968070.64,242017.66,809.6575
C0384,1,Individual,F,USA,California,Home,Yes,Website,81,3,3,1010761.74,336920.58,1049.3799999999999
C0385,5,Individual,M,UK,Northern Ireland,Investment,No,Website,57,4,3,1289646.4100000001,429882.1366666667,1277.2733333333333
C0386,3,Individual,F,USA,Colorado,Home,No,Client,49,2,3,1633972.21,544657.4033333333,1445.08
C0387,1,Individual,F,USA,California,Home,Yes,Website,51,2,4,1992983.55,498245.8875,1555.2975000000001
C0388,0,Individual,M,USA,California,Home,No,Agency,30,4,3,961894.92,320631.64,975.9433333333333
C0389,7,Individual,M,USA,Colorado,Home,No,Website,71,3,4,1261549.0899999999,315387.27249999996,1119.0900000000001
C0390,5,Individual,M,Canada,Quebec,Investment,No,Website,83,2,4,1678762.0699999998,419690.51749999996,1295.2649999999999
C0391,0,Individual,F,USA,California,Home,No,Agency,59,5,3,1035012.9099999999,345004.3033333333,1064.4166666666667
C0392,1,Individual,F,USA,Arizona,Home,Yes,Website,48,2,4,1015830.03,253957.5075,922.6600000000001
C0393,0,Individual,F,USA,Arizona,Home,No,Agency,37,4,4,1616556.78,404139.195,1298.145
C0394,1,Individual,F,USA,Colorado,Home,Yes,Website,71,3,4,1258840.0,314710.0,1041.8025
C0395,2,Individual,F,USA,Florida,Home,No,Website,67,1,3,1153134.48,384378.16,1303.4733333333334
C0396,0,Individual,M,USA,Nevada,Home,No,Agency,25,5,4,1181447.25,295361.8125,896.2524999999999
C0397,2,Individual,F,USA,California,Home,No,Website,25,5,3,793543.27,264514.42333333334,862.11
C0398,8,Individual,F,USA,Texas,Home,Yes,Agency,77,1,4,1186693.85,296673.4625,935.765
C0399,0,Individual,M,USA,California,Home,No,Agency,41,4,4,1229057.49,307264.3725,1093.05
C0400,0,Individual,M,USA,California,Home,No,Agency,66,4,4,1360152.99,340038.2475,1239.145
C0401,1,Individual,M,USA,Arizona,Home,Yes,Website,56,5,4,1020913.0700000001,255228.26750000002,853.07
C0402,2,Individual,F,USA,Georgia,Home,No,Website,84,5,3,1054166.95,351388.98333333334,1102.8633333333335
C0403,2,Individual,F,Australia,New South Wales,Home,No,Website,62,1,3,878792.98,292930.99333333335,1060.9733333333334
C0404,3,Individual,F,France,Normandy,Investment,No,Client,49,1,3,731788.96,243929.65333333332,753.3133333333334
C0405,0,Company,M,USA,Colorado,Home,No,Agency,56,1,4,1310963.25,327740.8125,1140.38
C0406,2,Individual,F,USA,Colorado,Home,No,Website,65,3,4,1317165.12,329291.28,1090.1925
C0407,3,Individual,F,USA,California,Home,No,Client,43,2,4,1254494.91,313623.7275,1045.8025
C0408,7,Individual,M,USA,California,Home,No,Website,48,3,3,1320497.01,440165.67,1413.0600000000002
C0409,1,Individual,M,USA,Nevada,Home,Yes,Website,53,1,4,1816669.2,454167.3,1449.3775
C0410,8,Individual,F,Russia,Saint Petersburg,Home,Yes,Agency,43,5,3,1021706.02,340568.67333333334,1189.1899999999998
C0411,2,Individual,F,USA,California,Home,No,Website,42,2,3,896987.21,298995.73666666663,883.7466666666668
C0412,2,Individual,F,UK,Scotland,Home,No,Website,41,5,3,1100376.25,366792.0833333333,1260.8366666666668
C0413,7,Individual,M,Canada,British Columbia,Home,No,Website,85,3,4,1769126.22,442281.555,1431.4575
C0414,7,Individual,M,USA,California,Home,No,Website,63,4,4,1412148.94,353037.235,1144.74
C0415,8,Individual,F,USA,Nevada,Home,Yes,Agency,45,5,4,1305928.3499999999,326482.08749999997,1093.05
C0416,3,Company,M,Germany,North Rhine-Westphalia,Investment,Yes,Client,44,5,3,1059532.51,353177.50333333336,1260.8366666666668
C0417,7,Individual,M,USA,Utah,Home,No,Website,78,2,3,1354773.96,451591.32,1471.8999999999999
C0418,0,Individual,M,USA,Arizona,Home,No,Agency,29,5,4,1629486.83,407371.7075,1276.8225
C0419,8,Individual,M,USA,Washington,Home,Yes,Agency,63,3,4,1174012.19,293503.0475,990.4475
C0420,0,Individual,F,USA,California,Home,No,Agency,32,5,3,1260096.1600000001,420032.0533333334,1330.2166666666667
C0421,6,Individual,M,Germany,Hesse,Investment,Yes,Website,50,5,4,1495763.3699999999,373940.84249999997,1203.905
C0422,3,Company,F,USA,California,Home,Yes,Client,52,1,4,1653171.62,413292.905,1428.5749999999998
C0423,3,Individual,F,USA,California,Home,No,Client,75,1,3,1068716.19,356238.73,1195.1966666666667
C0424,2,Individual,F,USA,Florida,Home,No,Website,27,1,3,1034036.3,344678.76666666666,1107.81
C0425,0,Individual,M,USA,Nevada,Home,No,Agency,60,2,3,1256932.48,418977.49333333335,1452.2633333333333
C0426,3,Individual,F,USA,Oregon,Home,Yes,Client,72,4,3,890250.61,296750.2033333333,874.19
C0427,1,Individual,F,USA,California,Home,Yes,Website,31,4,4,1457016.31,364254.0775,1216.595
C0428,0,Individual,F,USA,Oregon,Home,No,Agency,63,3,4,984451.32,246112.83,838.2925
C0429,1,Individual,F,USA,California,Home,Yes,Website,30,3,4,1503904.1600000001,375976.04000000004,1374.585
C0430,0,Individual,M,USA,Nevada,Home,No,Agency,51,2,3,931141.96,310380.6533333333,1033.1033333333332
C0431,1,Individual,M,USA,California,Home,Yes,Website,56,5,4,1544751.33,386187.8325,1246.6175
C0432,0,Company,M,USA,California,Home,No,Agency,30,5,4,1277850.15,319462.5375,1025.1499999999999
C0433,6,Individual,F,USA,California,Investment,Yes,Website,56,2,4,1937061.37,484265.3425,1591.4724999999999
C0434,2,Individual,F,Russia,Tatarstan,Home,No,Website,61,5,3,1364889.24,454963.08,1445.5566666666666
C0435,1,Individual,F,Australia,New South Wales,Home,Yes,Website,59,5,3,908970.34,302990.11333333334,1077.3233333333335
C0436,3,Individual,M,USA,Colorado,Home,Yes,Client,53,2,4,1327594.64,331898.66,1064.2625
C0437,2,Individual,F,USA,Texas,Home,No,Website,35,1,3,657032.8200000001,219010.94000000003,801.46
C0438,3,Individual,M,USA,Georgia,Investment,Yes,Client,43,1,4,1458641.1,364660.275,1261.78
C0439,0,Individual,M,USA,Virginia,Home,No,Agency,69,2,3,1273328.62,424442.87333333335,1422.97
C0440,4,Individual,M,USA,California,Investment,No,Agency,65,1,3,703498.83,234499.61,845.8633333333333
C0441,4,Individual,F,Russia,Krasnodar Krai,Investment,No,Agency,45,1,4,1525849.55,381462.3875,1239.2649999999999
C0442,1,Individual,F,USA,Colorado,Home,Yes,Website,50,3,4,1707466.97,426866.7425,1489.73
C0443,8,Individual,M,Denmark,Capital Region,Home,Yes,Agency,75,1,3,1355839.1,451946.3666666667,1527.8633333333335
C0444,2,Individual,F,USA,California,Home,No,Website,84,2,4,1054514.54,263628.635,943.97
C0445,1,Individual,F,USA,California,Home,Yes,Website,30,2,4,1425691.63,356422.9075,1101.9875
C0446,7,Individual,M,USA,Colorado,Home,No,Website,70,2,3,1024655.04,341551.68,1258.6899999999998
C0447,2,Individual,F,USA,New York,Home,No,Website,69,2,3,1543592.15,514530.7166666666,1680.5266666666666
C0448,4,Individual,M,USA,Nevada,Investment,No,Agency,45,2,3,942066.48,314022.16,1050.08
C0449,4,Individual,M,USA,Oregon,Investment,No,Agency,53,2,3,1418922.44,472974.14666666667,1504.28
C0450,7,Individual,M,Mexico,Nuevo Leon,Home,No,Website,33,3,4,1555297.3699999999,388824.34249999997,1258.5825
C0451,3,Individual,M,Canada,Alberta,Investment,Yes,Client,40,5,4,1665967.4100000001,416491.85250000004,1339.695
C0452,7,Individual,M,USA,Washington,Home,No,Website,58,3,4,1398358.69,349589.6725,1086.2275
C0453,5,Individual,M,UK,Scotland,Investment,No,Website,32,1,4,1321010.76,330252.69,1103.3025
C0454,4,Company,F,USA,Nevada,Investment,No,Agency,64,4,3,980683.73,326894.57666666666,1072.4833333333333
C0455,0,Individual,F,USA,California,Home,No,Agency,62,1,4,1125726.62,281431.655,838.2925
C0456,1,Individual,F,USA,Oregon,Home,Yes,Website,30,3,3,1349210.55,449736.85000000003,1448.82
C0457,4,Individual,M,UK,Wales,Investment,No,Agency,45,1,3,1399940.21,466646.73666666663,1457.8333333333333
C0458,4,Individual,M,USA,Oregon,Investment,No,Agency,30,1,4,1382881.81,345720.4525,1123.3175
C0459,0,Individual,M,USA,California,Home,No,Agency,70,3,3,821716.14,273905.38,945.65
C0460,2,Individual,F,USA,Virginia,Home,No,Website,33,1,3,1061349.03,353783.01,1078.7866666666666
C0461,0,Individual,M,USA,Arizona,Home,No,Agency,65,1,3,986630.39,328876.7966666667,1157.47
C0462,0,Individual,M,Australia,Victoria,Home,No,Agency,82,2,4,1606667.68,401666.92,1316.0375
C0463,3,Individual,M,USA,California,Home,No,Client,55,5,4,1235094.73,308773.6825,989.46
C0464,7,Individual,M,USA,Florida,Home,No,Website,51,5,4,1455550.0,363887.5,1276.8225
C0465,7,Individual,M,USA,California,Home,No,Website,76,3,3,707799.9199999999,235933.30666666664,839.1433333333334
C0466,5,Individual,F,USA,Virginia,Investment,No,Website,37,2,4,1228651.21,307162.8025,1030.21
C0467,8,Individual,F,USA,Ohio,Home,Yes,Agency,73,1,3,976066.93,325355.64333333337,1155.6966666666667
C0468,6,Individual,M,Mexico,Jalisco,Investment,Yes,Website,73,3,3,1267396.7999999998,422465.5999999999,1386.32
C0469,7,Individual,M,USA,California,Home,No,Website,28,2,4,1518476.47,379619.1175,1265.3825
C0470,0,Individual,F,USA,Oregon,Home,No,Agency,62,1,3,862552.54,287517.51333333337,883.7466666666666
C0471,4,Individual,M,USA,Utah,Investment,No,Agency,41,3,3,1084997.39,361665.79666666663,1209.64
C0472,7,Individual,M,USA,California,Home,No,Website,74,4,3,1277486.3699999999,425828.79,1394.21
C0473,0,Individual,F,USA,California,Home,No,Agency,44,3,4,1304527.6600000001,326131.91500000004,1042.725
C0474,7,Individual,M,USA,Nevada,Home,No,Website,30,1,4,962015.29,240503.8225,824.2025
C0475,6,Individual,M,Belgium,Wallonia,Investment,Yes,Agency,79,2,3,1234470.16,411490.0533333333,1371.6133333333335
C0476,0,Individual,M,USA,Florida,Home,No,Agency,28,3,4,1485303.01,371325.7525,1299.3675
C0477,6,Individual,M,USA,California,Investment,Yes,Website,41,4,3,1535114.88,511704.95999999996,1452.2633333333333
C0478,5,Individual,F,USA,Ohio,Investment,No,Website,85,4,3,774892.79,258297.59666666668,997.4133333333333
C0479,8,Individual,F,USA,California,Home,Yes,Agency,47,2,4,1172782.93,293195.7325,956.6725
C0480,1,Individual,M,USA,California,Home,Yes,Website,51,4,4,1033261.03,258315.2575,827.2
C0481,0,Individual,M,USA,Arizona,Home,No,Agency,49,3,4,1365460.24,341365.06,1040.8899999999999
C0482,6,Individual,F,USA,New York,Investment,Yes,Agency,45,3,3,1006132.77,335377.59,1155.4633333333334
C0483,5,Individual,M,USA,Arizona,Investment,No,Website,40,1,3,881113.79,293704.5966666667,934.8733333333333
C0484,5,Individual,F,USA,Texas,Investment,No,Website,36,3,4,1313240.67,328310.1675,1114.105
C0485,2,Individual,F,USA,Arizona,Home,No,Website,34,2,3,1000841.1799999999,333613.7266666666,1144.8033333333333
C0486,6,Individual,M,USA,California,Investment,Yes,Website,26,2,3,1090587.66,363529.22,1175.45
C0487,2,Individual,F,USA,Washington,Home,No,Website,34,5,4,1576272.71,394068.1775,1295.0975
C0488,4,Individual,F,USA,California,Investment,No,Agency,46,4,4,1218265.3599999999,304566.33999999997,990.9875000000001
C0489,5,Individual,M,Germany,Berlin,Investment,No,Website,75,2,3,1025274.77,341758.25666666665,1102.8633333333335
C0490,6,Individual,F,USA,Nevada,Investment,Yes,Website,71,5,3,1292367.93,430789.31,1240.6066666666666
C0491,7,Individual,M,USA,Washington,Home,No,Website,84,2,3,1106379.8,368793.26666666666,1168.3833333333334
C0492,1,Individual,M,USA,Utah,Home,Yes,Website,25,3,4,1300917.1,325229.275,1008.6625
C0493,7,Individual,M,USA,Colorado,Home,No,Website,71,3,4,1312198.98,328049.745,1141.225
C0494,1,Individual,F,USA,California,Home,Yes,Website,35,3,4,1052676.65,263169.1625,911.0425
C0495,3,Individual,M,USA,California,Investment,No,Client,71,5,4,1246742.44,311685.61,984.9525
C0496,0,Individual,M,USA,California,Home,No,Agency,36,4,4,1120376.44,280094.11,947.7475000000001
C0497,6,Individual,F,USA,Arizona,Investment,Yes,Website,40,4,3,1330684.99,443561.66333333333,1438.2933333333333
C0498,1,Individual,F,Canada,Alberta,Home,Yes,Website,77,2,3,1007455.29,335818.43,1258.3999999999999
C0499,8,Individual,F,USA,Colorado,Home,Yes,Agency,79,3,3,897769.81,299256.60333333333,863.7633333333333
C0500,1,Individual,M,USA,California,Home,Yes,Website,48,4,3,1294944.52,431648.17333333334,1438.2933333333333
C0501,6,Individual,M,USA,Nevada,Investment,Yes,Agency,30,5,4,1741166.27,435291.5675,1454.35
C0502,2,Individual,F,USA,Arizona,Home,No,Website,59,4,4,1537989.75,384497.4375,1324.385
C0503,3,Individual,M,USA,Utah,Investment,Yes,Client,82,2,4,1432167.34,358041.835,1135.53
C0504,7,Individual,M,USA,Utah,Home,No,Website,33,2,4,1367188.58,341797.145,1108.6075
C0505,0,Individual,F,USA,Arizona,Home,No,Agency,30,3,3,1043535.21,347845.07,1125.17
C0506,0,Individual,M,USA,California,Home,No,Agency,58,5,3,1122203.03,374067.6766666667,1267.4066666666668
C0507,7,Individual,M,USA,New York,Home,No,Website,74,3,3,1062656.6099999999,354218.86999999994,1221.3833333333334
C0508,0,Individual,F,USA,Nevada,Home,No,Agency,56,5,3,833710.06,277903.35333333333,900.6166666666667
C0509,7,Individual,M,Belgium,Wallonia,Home,No,Website,69,3,4,1687930.25,421982.5625,1333.2775000000001
C0510,6,Individual,F,France,Brittany,Investment,Yes,Website,78,1,3,1094232.67,364744.2233333333,1243.8233333333333
C0511,2,Individual,F,UK,England,Home,No,Website,71,2,3,1090537.6,363512.5333333334,1179.5233333333333
C0512,3,Individual,F,USA,Arizona,Home,No,Client,80,1,3,1448158.1400000001,482719.38000000006,1654.4733333333334
C0513,8,Individual,M,USA,Florida,Home,Yes,Agency,26,2,3,974596.63,324865.54333333333,1049.5133333333333
C0514,1,Individual,F,USA,Oregon,Home,Yes,Website,48,1,4,1528027.54,382006.885,1316.0375
C0515,1,Individual,F,USA,California,Home,Yes,Website,62,1,4,1561824.93,390456.2325,1342.7925
C0516,7,Individual,M,USA,Utah,Home,No,Website,79,3,4,1437837.49,359459.3725,1196.8899999999999
C0517,3,Individual,M,USA,California,Home,No,Client,66,5,4,1115807.0,278951.75,939.4875
C0518,2,Company,F,USA,New York,Home,No,Website,63,3,4,1633111.65,408277.9125,1196.9724999999999
C0519,4,Individual,F,USA,Arizona,Investment,No,Agency,50,3,3,981719.26,327239.75333333336,1108.9966666666667
C0520,8,Individual,F,USA,Oregon,Home,Yes,Agency,55,3,3,1033523.16,344507.72000000003,1108.9966666666667
C0521,2,Individual,F,Canada,British Columbia,Home,No,Website,58,3,4,1074306.5,268576.625,872.6800000000001
C0522,0,Individual,F,USA,Virginia,Home,No,Agency,83,5,3,993023.13,331007.71,1240.6066666666666
C0523,0,Individual,F,USA,Colorado,Home,No,Agency,65,2,3,928962.95,309654.31666666665,1058.6633333333332
C0524,7,Individual,M,USA,Washington,Home,No,Website,72,3,3,801104.6900000001,267034.89666666667,897.3100000000001
C0525,8,Individual,M,USA,Arizona,Home,Yes,Agency,75,4,4,1629457.52,407364.38,1299.3274999999999
C0526,7,Individual,M,Germany,Bavaria,Home,No,Website,57,5,3,1301139.77,433713.25666666665,1592.1233333333332
C0527,7,Individual,M,USA,California,Home,No,Website,46,2,3,1138099.7,379366.56666666665,1299.5366666666666
C0528,3,Individual,M,USA,Washington,Investment,No,Client,25,2,3,1118472.87,372824.29000000004,1206.2733333333333
C0529,1,Individual,M,USA,Nevada,Home,Yes,Website,52,4,4,1268138.95,317034.7375,1098.1675
C0530,8,Individual,F,USA,Utah,Home,Yes,Agency,73,2,4,1559124.69,389781.1725,1246.7075
C0531,2,Individual,F,USA,California,Home,No,Website,49,1,4,1911300.7799999998,477825.19499999995,1510.65
C0532,2,Individual,F,Belgium,Flanders,Home,No,Website,46,2,4,1075202.77,268800.6925,990.9875000000001
C0533,4,Individual,M,USA,Nevada,Investment,No,Agency,62,1,4,990028.19,247507.0475,787.46
C0534,4,Individual,M,USA,California,Investment,No,Agency,67,1,3,1133195.2,377731.73333333334,1371.6133333333335
C0535,2,Individual,F,UK,Wales,Home,No,Agency,38,3,3,1299053.94,433017.98,1386.32
C0536,6,Individual,F,USA,Arizona,Investment,Yes,Website,69,5,3,983106.8400000001,327702.28,1104.51
C0537,3,Individual,M,USA,Florida,Home,No,Client,63,2,4,1490327.5,372581.875,1239.145
C0538,8,Individual,M,USA,California,Home,Yes,Agency,56,1,4,1206897.7000000002,301724.42500000005,1103.3225
C0539,6,Individual,M,USA,California,Investment,Yes,Agency,34,1,4,1645321.2,411330.3,1338.8999999999999
C0540,0,Individual,F,USA,New York,Home,No,Agency,28,3,3,494173.31,164724.43666666668,577.2433333333333
C0541,0,Individual,M,UK,Northern Ireland,Home,No,Agency,25,3,4,1721673.54,430418.385,1296.5625
C0542,7,Company,M,Mexico,Mexico City,Home,No,Website,40,3,4,1195819.4,298954.85,1024.3375
C0543,1,Individual,F,USA,Texas,Home,Yes,Website,78,2,3,753145.67,251048.55666666667,862.8699999999999
C0544,7,Individual,M,USA,Utah,Home,No,Website,51,2,4,1636756.28,409189.07,1326.2525
C0545,8,Individual,M,USA,Colorado,Home,Yes,Agency,83,1,3,1260126.39,420042.12999999995,1452.2633333333333
C0546,3,Individual,M,Canada,Manitoba,Home,No,Client,58,4,3,795528.06,265176.02,932.37
C0547,4,Individual,F,USA,California,Investment,No,Agency,78,2,4,1178457.95,294614.4875,1028.3225
C0548,0,Individual,M,USA,California,Home,No,Agency,45,2,3,1047476.9299999999,349158.9766666666,1186.4366666666667
C0549,7,Individual,M,USA,Florida,Home,No,Website,53,4,3,941219.76,313739.92,1082.75
C0550,0,Company,F,USA,Nevada,Home,No,Agency,58,1,4,1414568.09,353642.0225,1123.6174999999998
C0551,5,Individual,M,USA,California,Investment,No,Website,65,4,3,1007397.56,335799.1866666667,1110.6233333333332
C0552,4,Individual,M,USA,Virginia,Investment,No,Agency,60,3,3,1141476.56,380492.1866666667,1196.1733333333334
C0553,7,Individual,M,USA,Arizona,Home,No,Website,47,3,3,821534.9400000001,273844.98000000004,897.3100000000001
C0554,8,Individual,M,Australia,Victoria,Home,Yes,Agency,77,1,4,1643592.85,410898.2125,1295.2649999999999
C0555,6,Individual,M,USA,California,Investment,Yes,Agency,54,4,3,1064533.27,354844.42333333334,1162.6166666666666
C0556,7,Individual,M,USA,Colorado,Home,No,Website,67,5,3,1335478.18,445159.3933333333,1526.9566666666667
C0557,5,Individual,F,USA,Utah,Investment,No,Website,84,2,3,733161.98,244387.32666666666,791.0400000000001
C0558,2,Individual,F,Denmark,North Denmark,Home,No,Website,51,3,3,1033995.96,344665.32,1092.54
C0559,3,Company,M,USA,California,Home,No,Client,56,5,4,1004028.87,251007.2175,786.87
C0560,2,Individual,F,Australia,South Australia,Home,No,Website,37,3,3,1433718.12,477906.04000000004,1500.72
C0561,5,Company,F,USA,Arizona,Investment,No,Website,63,3,4,1589252.43,397313.1075,1298.145
C0562,6,Individual,F,USA,Utah,Investment,Yes,Website,85,5,4,1423675.7200000002,355918.93000000005,1154.105
C0563,8,Individual,M,USA,California,Home,Yes,Agency,34,2,4,1012807.9299999999,253201.98249999998,842.75
C0564,0,Individual,M,USA,Texas,Home,No,Agency,73,1,3,1135017.6,378339.2,1250.3066666666666
C0565,7,Individual,M,France,Brittany,Home,No,Website,40,1,3,1043494.3200000001,347831.44,1167.2766666666666
C0566,6,Individual,F,USA,Oregon,Investment,Yes,Agency,25,4,4,1167701.9,291925.475,965.295
C0567,6,Individual,F,Russia,Saint Petersburg,Investment,Yes,Agency,72,2,4,1869286.1,467321.525,1546.3875
C0568,7,Individual,M,USA,California,Home,No,Website,72,3,3,944335.88,314778.62666666665,1015.9399999999999
C0569,3,Individual,F,USA,California,Home,Yes,Client,54,5,3,1384749.3,461583.10000000003,1460.493333333333
C0570,1,Individual,F,France,Occitanie,Home,Yes,Website,60,5,4,1527210.47,381802.6175,1310.8225
C0571,7,Individual,M,USA,California,Home,No,Website,59,3,4,1549969.49,387492.3725,1458.93
C0572,5,Individual,F,USA,California,Investment,No,Website,32,5,4,1519677.44,379919.36,1228.8325
C0573,8,Company,M,USA,Georgia,Home,Yes,Agency,48,4,3,785842.76,261947.58666666667,849.7466666666668
C0574,0,Individual,M,USA,California,Home,No,Agency,57,2,4,1261906.32,315476.58,1052.2475
C0575,5,Individual,M,USA,California,Investment,No,Website,59,2,3,1018391.27,339463.75666666665,1107.81
C0576,3,Individual,M,Germany,Hamburg,Home,No,Client,66,1,3,1047406.79,349135.5966666667,1082.8966666666668
C0577,7,Individual,M,USA,Arizona,Home,No,Website,36,3,3,693899.0099999999,231299.66999999995,879.3433333333332
C0578,3,Individual,F,USA,Arizona,Home,Yes,Client,26,5,3,707276.53,235758.84333333335,899.7566666666667
C0579,5,Individual,M,USA,Texas,Investment,No,Website,84,3,3,1198428.6400000001,399476.2133333334,1299.5366666666666
C0580,3,Individual,F,USA,California,Home,Yes,Client,77,2,4,2158954.7800000003,539738.6950000001,1726.0575
C0581,6,Individual,F,USA,California,Investment,Yes,Website,68,5,4,1029755.56,257438.89,801.065
C0582,6,Individual,F,USA,Washington,Investment,Yes,Website,85,3,3,708559.1499999999,236186.3833333333,791.0400000000001
C0583,0,Individual,M,USA,California,Home,No,Agency,39,2,4,1237228.18,309307.045,996.7025
C0584,2,Individual,F,USA,California,Home,No,Website,43,5,3,1135691.62,378563.87333333335,1350.9733333333334
C0585,0,Individual,M,USA,Colorado,Home,No,Agency,64,3,4,1003690.1799999999,250922.54499999998,886.4275
C0586,3,Individual,M,USA,California,Home,Yes,Client,48,2,3,1226524.31,408841.4366666667,1286.4266666666667
C0587,2,Individual,F,USA,New York,Home,No,Website,33,4,4,1093439.8399999999,273359.95999999996,911.785
C0588,2,Individual,F,USA,Florida,Home,No,Website,36,2,4,1495976.1400000001,373994.03500000003,1271.345
C0589,3,Individual,M,USA,Texas,Investment,No,Client,79,5,4,1982246.22,495561.555,1699.3675
C0590,5,Individual,M,UK,Scotland,Investment,No,Website,59,2,4,1105388.8900000001,276347.22250000003,935.765
C0591,2,Individual,F,USA,Nevada,Home,No,Website,57,1,3,1336217.65,445405.8833333333,1460.493333333333
C0592,3,Individual,M,USA,Arizona,Investment,No,Client,53,2,3,787516.58,262505.5266666667,851.4266666666667
C0593,8,Individual,F,USA,California,Home,Yes,Agency,73,2,4,2012063.38,503015.845,1575.1075
C0594,0,Individual,F,USA,Utah,Home,No,Agency,83,1,3,1137572.87,379190.9566666667,1221.6766666666665
C0595,0,Individual,F,USA,Utah,Home,No,Agency,59,3,3,914304.97,304768.3233333333,934.4333333333334
C0596,0,Individual,M,USA,Nevada,Home,No,Agency,49,4,4,1094771.49,273692.8725,1023.9675
C0597,1,Individual,M,UK,Northern Ireland,Home,Yes,Website,39,2,3,976844.1699999999,325614.7233333333,1033.6200000000001
C0598,5,Individual,M,USA,Colorado,Investment,No,Website,76,4,4,1398930.7000000002,349732.67500000005,1135.53
C0599,0,Individual,F,Canada,Alberta,Home,No,Agency,27,2,3,1162815.78,387605.26,1354.0866666666668
C0600,3,Individual,M,USA,Oregon,Investment,No,Client,41,1,3,917709.61,305903.2033333333,1042.71
C0601,2,Individual,F,USA,California,Home,No,Website,53,4,4,1700411.72,425102.93,1307.3
C0602,0,Individual,M,Germany,Bavaria,Home,No,Agency,41,4,4,905508.82,226377.205,748.33
C0603,8,Individual,F,USA,New York,Home,Yes,Agency,32,4,4,1218095.3,304523.825,1027.81
C0604,0,Individual,F,Belgium,Wallonia,Home,No,Agency,27,1,3,791133.03,263711.01,919.0466666666666
C0605,8,Individual,M,USA,Utah,Home,Yes,Agency,51,4,4,1407314.33,351828.5825,1267.07
C0606,5,Individual,F,France,Ile-de-France,Investment,No,Website,76,1,3,1070969.53,356989.8433333333,1146.2633333333333
C0607,0,Individual,M,USA,California,Home,No,Agency,63,1,3,1125230.1199999999,375076.7066666666,1371.6133333333335
C0608,0,Individual,M,USA,California,Home,No,Agency,69,4,4,1201411.56,300352.89,1018.5225
C0609,0,Individual,F,USA,Washington,Home,No,Agency,64,4,4,1307567.64,326891.91,1255.1325000000002
C0610,5,Individual,F,USA,California,Investment,No,Website,55,4,3,1178597.68,392865.8933333333,1339.73
C0611,0,Individual,M,USA,California,Home,No,Agency,75,4,4,1142671.94,285667.985,997.415
C0612,0,Individual,M,USA,Florida,Home,No,Agency,65,4,4,1671846.3,417961.575,1389.15
C0613,0,Individual,F,Australia,Victoria,Home,No,Agency,30,4,3,1186019.52,395339.84,1366.5633333333335
C0614,1,Individual,M,UK,Wales,Home,Yes,Website,54,3,4,1025958.38,256489.595,858.9825
C0615,1,Individual,M,USA,Utah,Home,Yes,Website,69,2,4,919002.01,229750.5025,748.33
C0616,6,Individual,F,USA,Virginia,Investment,Yes,Agency,62,1,3,1013364.3,337788.10000000003,1074.6233333333332
C0617,1,Individual,F,USA,Ohio,Home,Yes,Website,39,5,3,766861.21,255620.40333333332,849.6366666666667
C0618,0,Individual,M,USA,Texas,Home,No,Agency,57,3,3,982803.0,327601.0,1113.29
C0619,2,Individual,F,USA,Washington,Home,No,Website,55,4,3,1411977.41,470659.13666666666,1471.8999999999999
C0620,2,Individual,F,France,Brittany,Home,No,Website,65,3,3,1532429.29,510809.76333333337,1504.28
C0621,6,Individual,M,Germany,Bavaria,Investment,Yes,Agency,43,3,3,791609.11,263869.7033333333,869.7866666666667
C0622,3,Individual,F,USA,Washington,Investment,No,Client,38,2,3,869334.73,289778.24333333335,980.8699999999999
C0623,3,Individual,M,USA,Florida,Investment,Yes,Client,39,3,4,1410333.45,352583.3625,1146.02
C0624,4,Individual,M,USA,Nevada,Investment,No,Agency,25,3,3,1215611.54,405203.8466666667,1413.8666666666668
C0625,6,Individual,F,Belgium,Flanders,Investment,Yes,Agency,42,2,4,1000166.88,250041.72,851.0225
C0626,5,Individual,F,Germany,Hamburg,Investment,No,Website,57,2,3,1061694.1300000001,353898.0433333334,1244.5566666666666
C0627,2,Individual,F,USA,Arizona,Home,No,Agency,25,3,4,1870806.42,467701.605,1726.0575
C0628,8,Individual,M,Canada,British Columbia,Home,Yes,Agency,40,3,4,1623109.63,405777.4075,1250.39
C0629,4,Individual,F,USA,California,Investment,No,Agency,79,2,3,961721.77,320573.92333333334,1129.1766666666665
C0630,7,Individual,M,USA,California,Home,No,Website,60,2,4,1308077.6099999999,327019.40249999997,1075.5049999999999
C0631,2,Individual,F,USA,California,Home,No,Website,59,5,4,1534891.22,383722.805,1227.645
C0632,7,Individual,M,UK,Northern Ireland,Home,No,Website,77,4,4,1146845.98,286711.495,947.7475
C0633,0,Individual,F,USA,Nevada,Home,No,Agency,84,3,4,1207516.26,301879.065,928.745
C0634,6,Individual,M,USA,Washington,Investment,Yes,Website,45,4,3,1181693.63,393897.87666666665,1393.1066666666666
C0635,5,Individual,F,UK,Scotland,Investment,No,Website,65,5,3,1375700.03,458566.6766666667,1460.493333333333
C0636,2,Individual,F,France,Brittany,Home,No,Website,45,5,4,981810.0800000001,245452.52000000002,827.3575000000001
C0637,2,Individual,F,USA,California,Home,No,Website,58,2,4,1602478.07,400619.5175,1296.5625
C0638,1,Individual,M,USA,Ohio,Home,Yes,Website,50,5,4,1347045.42,336761.355,1204.4975
C0639,1,Individual,M,UK,Scotland,Home,Yes,Website,64,3,3,861670.72,287223.5733333333,1008.1300000000001
C0640,0,Individual,F,USA,Utah,Home,No,Agency,58,3,3,772950.1699999999,257650.05666666664,915.6366666666667
C0641,0,Company,M,USA,Arizona,Home,No,Agency,31,2,3,1217213.26,405737.75333333336,1240.6066666666666
C0642,2,Individual,F,USA,California,Home,No,Website,58,4,3,1027140.61,342380.2033333333,1161.5433333333333
C0643,2,Individual,F,USA,California,Home,No,Website,51,5,3,928645.01,309548.33666666667,1016.5033333333334
C0644,8,Individual,F,USA,California,Home,Yes,Agency,69,4,3,1549624.23,516541.41,1630.1366666666665
C0645,3,Individual,M,USA,Nevada,Home,No,Client,37,2,3,731453.53,243817.84333333335,862.11
C0646,4,Individual,F,USA,Arizona,Investment,No,Agency,30,5,3,1325311.83,441770.61000000004,1464.0166666666667
C0647,2,Individual,F,USA,California,Home,No,Agency,79,4,4,2115520.42,528880.105,1676.3825
C0648,1,Individual,F,USA,California,Home,Yes,Website,26,1,4,1142985.38,285746.345,984.6475
C0649,0,Individual,F,USA,California,Home,No,Agency,30,4,4,1401448.51,350362.1275,1136.6925
C0650,3,Company,M,France,Occitanie,Home,Yes,Client,49,3,3,799742.26,266580.75333333336,932.37
C0651,0,Company,M,USA,Washington,Home,No,Agency,32,1,4,1077094.73,269273.6825,948.7574999999999
C0652,2,Individual,F,USA,Washington,Home,No,Website,32,2,3,904157.22,301385.74,985.5433333333334
C0653,3,Individual,M,USA,Ohio,Home,No,Client,55,2,4,1215543.15,303885.7875,1053.27
C0654,1,Individual,M,USA,New York,Home,Yes,Website,65,2,3,865293.89,288431.2966666667,1015.9399999999999
C0655,8,Individual,F,USA,Nevada,Home,Yes,Agency,75,1,3,1071763.22,357254.4066666667,1138.4233333333334
C0656,3,Individual,F,USA,Colorado,Home,No,Client,48,5,4,1288383.38,322095.845,1190.4075
C0657,0,Individual,M,USA,California,Home,No,Agency,69,2,3,1258111.3199999998,419370.43999999994,1338.1466666666668
C0658,8,Individual,F,USA,Virginia,Home,Yes,Agency,26,3,3,1122021.28,374007.0933333333,1271.67
C0659,8,Individual,F,USA,California,Home,Yes,Agency,37,4,4,1000550.86,250137.715,832.615
C0660,3,Individual,M,USA,Arizona,Home,Yes,Client,34,4,3,1148308.35,382769.45,1337.0533333333333
C0661,2,Individual,F,Canada,Manitoba,Home,No,Website,64,3,4,1627713.0499999998,406928.26249999995,1299.3274999999999
C0662,5,Individual,F,USA,California,Investment,No,Website,68,3,4,1520239.97,380059.9925,1175.235
C0663,8,Individual,M,USA,California,Home,Yes,Agency,67,2,4,1544313.34,386078.335,1234.8075
C0664,6,Individual,M,Canada,Alberta,Investment,Yes,Website,67,5,4,1063024.57,265756.1425,897.47
C0665,4,Individual,M,USA,Colorado,Investment,No,Agency,66,1,3,704886.02,234962.00666666668,765.68
C0666,5,Individual,F,USA,California,Investment,No,Website,77,1,4,1532074.27,383018.5675,1271.345
C0667,4,Individual,M,USA,Arizona,Investment,No,Agency,59,2,4,1486560.06,371640.015,1295.2649999999999
C0668,6,Individual,F,France,Ile-de-France,Investment,Yes,Website,47,4,4,987175.01,246793.7525,824.2025
C0669,2,Individual,F,Canada,British Columbia,Home,No,Agency,67,3,3,1366533.49,455511.16333333333,1599.3433333333332
C0670,5,Company,M,USA,Nevada,Investment,No,Website,49,4,3,1631973.5499999998,543991.1833333332,1800.45
C0671,3,Individual,M,USA,Colorado,Home,Yes,Client,84,4,3,759678.12,253226.04,849.6366666666667
C0672,2,Individual,F,USA,California,Home,No,Website,58,2,3,1301968.05,433989.35000000003,1452.2633333333333
C0673,2,Individual,F,USA,California,Home,No,Website,60,4,3,870503.9000000001,290167.96666666673,1012.96
C0674,5,Individual,F,USA,California,Investment,No,Website,39,4,4,1733438.52,433359.63,1365.9450000000002
C0675,2,Individual,F,USA,Texas,Home,No,Website,56,5,3,1117159.17,372386.38999999996,1113.29
C0676,0,Individual,F,USA,Nevada,Home,No,Agency,83,2,3,1022396.03,340798.6766666667,989.0566666666667
C0677,4,Individual,M,USA,Arizona,Investment,No,Agency,44,2,4,1217015.1099999999,304253.77749999997,1024.3375
C0678,1,Individual,M,USA,California,Home,Yes,Website,53,4,3,904050.87,301350.29,897.3100000000001
C0679,2,Individual,F,USA,Nevada,Home,No,Agency,61,1,4,1945371.6800000002,486342.92000000004,1726.0575
C0680,4,Individual,M,USA,Utah,Investment,No,Agency,60,2,4,1533727.71,383431.9275,1333.2775
C0681,0,Company,F,USA,California,Home,No,Agency,48,3,4,736696.97,184174.2425,658.8625
C0682,7,Individual,M,USA,California,Home,No,Website,52,5,4,1436006.22,359001.555,1214.5625
C0683,8,Individual,M,USA,Colorado,Home,Yes,Agency,77,2,3,1216565.53,405521.8433333333,1463.22
C0684,0,Individual,M,USA,California,Home,No,Agency,40,1,4,1402625.45,350656.3625,1120.62
C0685,0,Individual,F,USA,Washington,Home,No,Agency,38,5,3,1129835.06,376611.6866666667,1228.5033333333333
C0686,1,Individual,M,USA,California,Home,Yes,Website,62,1,3,1250166.33,416722.11000000004,1369.7300000000002
C0687,1,Individual,F,USA,Utah,Home,Yes,Website,67,3,4,1532604.0,383151.0,1210.7375000000002
C0688,6,Individual,F,USA,Colorado,Investment,Yes,Website,57,5,4,1093762.42,273440.605,868.5725
C0689,2,Individual,F,USA,California,Home,No,Website,27,4,3,1051259.37,350419.79000000004,1186.05
C0690,8,Individual,F,USA,Oregon,Home,Yes,Agency,40,4,4,1402023.24,350505.81,1150.3275
C0691,4,Individual,M,USA,California,Investment,No,Agency,82,4,4,948552.89,237138.2225,816.16
C0692,4,Individual,M,USA,Georgia,Investment,No,Agency,61,3,4,1206585.87,301646.4675,1011.5875
C0693,6,Individual,M,USA,California,Investment,Yes,Agency,68,5,4,1831502.92,457875.73,1498.6825
C0694,5,Company,M,UK,Scotland,Investment,No,Website,36,2,4,1287767.07,321941.7675,1063.04
C0695,7,Individual,M,USA,Washington,Home,No,Website,78,4,3,870451.65,290150.55,934.8733333333333
C0696,6,Individual,F,USA,Washington,Investment,Yes,Agency,31,5,4,1417025.49,354256.3725,1246.6175
C0697,6,Individual,M,USA,California,Investment,Yes,Agency,39,4,4,1203571.2,300892.8,1036.6525
C0698,1,Individual,F,USA,California,Home,Yes,Website,79,2,4,1560635.51,390158.8775,1286.9575
C0699,8,Individual,M,USA,Washington,Home,Yes,Agency,39,1,3,1292445.15,430815.05,1357.1933333333334
C0700,2,Individual,F,USA,Washington,Home,No,Website,81,5,3,724453.7,241484.56666666665,851.4266666666667
C0701,5,Individual,F,UK,England,Investment,No,Website,63,1,4,1318537.76,329634.44,1050.5725
C0702,0,Individual,M,USA,Arizona,Home,No,Agency,59,5,3,1215022.0,405007.3333333333,1303.7766666666666
C0703,7,Company,M,USA,Colorado,Home,No,Website,41,3,3,938073.5700000001,312691.19,1023.8800000000001
C0704,0,Individual,F,USA,Georgia,Home,No,Agency,83,4,3,1130778.86,376926.2866666667,1194.9266666666665
C0705,7,Individual,M,USA,Nevada,Home,No,Website,85,3,3,1643383.67,547794.5566666666,1680.5266666666666
C0706,3,Individual,M,UK,England,Investment,No,Client,41,2,3,1034954.84,344984.94666666666,1162.6166666666666
C0707,1,Individual,M,USA,Virginia,Home,Yes,Website,30,5,4,1171255.22,292813.805,956.935
C0708,3,Individual,M,USA,California,Home,No,Client,61,2,3,1539340.8699999999,513113.6233333333,1523.6933333333334
C0709,8,Individual,F,USA,Georgia,Home,Yes,Agency,43,2,4,1233960.52,308490.13,1009.23
C0710,8,Individual,M,USA,Oregon,Home,Yes,Agency,79,2,4,1158001.3599999999,289500.33999999997,939.3575
C0711,4,Individual,F,USA,California,Investment,No,Agency,30,3,4,1045658.54,261414.635,905.7525
C0712,0,Individual,M,USA,California,Home,No,Agency,34,1,3,701688.31,233896.10333333336,842.68
C0713,4,Individual,F,USA,California,Investment,No,Agency,28,3,3,946537.74,315512.58,1125.17
C0714,7,Individual,M,Russia,Saint Petersburg,Home,No,Website,49,3,3,1520218.18,506739.3933333333,1680.5266666666666
C0715,2,Individual,F,USA,Utah,Home,No,Website,43,3,3,1151372.75,383790.9166666667,1340.7666666666667
C0716,3,Individual,M,UK,Northern Ireland,Home,No,Client,31,1,3,1173245.74,391081.91333333333,1334.1000000000001
C0717,6,Individual,F,USA,Arizona,Investment,Yes,Agency,79,3,3,1000529.6699999999,333509.88999999996,1156.5633333333333
C0718,1,Individual,F,France,Ile-de-France,Home,Yes,Website,81,2,3,900157.9099999999,300052.63666666666,1123.8033333333333
C0719,6,Individual,M,USA,California,Investment,Yes,Agency,51,2,3,912916.77,304305.59,1023.8800000000001
C0720,6,Individual,F,USA,California,Investment,Yes,Agency,44,1,4,844316.69,211079.1725,678.3725
C0721,2,Individual,F,USA,Florida,Home,No,Website,26,4,4,1167212.02,291803.005,939.4875
C0722,2,Individual,F,USA,Texas,Home,No,Website,82,1,3,936104.05,312034.68333333335,1033.4833333333333
C0723,1,Individual,F,Germany,North Rhine-Westphalia,Home,Yes,Website,26,3,3,1554043.79,518014.5966666667,1671.7666666666667
C0724,6,Individual,M,USA,Arizona,Investment,Yes,Agency,65,4,4,1564795.28,391198.82,1255.1325000000002
C0725,2,Individual,F,USA,New York,Home,No,Website,42,3,3,1557779.53,519259.8433333333,1733.68
C0726,2,Individual,F,USA,Georgia,Home,No,Website,48,4,4,1055406.17,263851.5425,901.245
C0727,3,Individual,M,USA,California,Investment,Yes,Client,84,3,4,1924218.25,481054.5625,1425.7675
C0728,8,Individual,M,USA,California,Home,Yes,Agency,54,3,3,896046.43,298682.14333333337,934.8733333333333
C0729,6,Individual,M,USA,Washington,Investment,Yes,Agency,82,3,3,1100578.42,366859.4733333333,1280.28
C0730,5,Individual,M,USA,California,Investment,No,Website,37,4,3,1395460.54,465153.51333333337,1435.6633333333332
C0731,0,Individual,M,USA,California,Home,No,Agency,25,5,4,2163873.35,540968.3375,1699.3675
C0732,7,Individual,M,USA,Oregon,Home,No,Website,40,5,4,1763602.47,440900.6175,1454.35
C0733,2,Individual,F,USA,Nevada,Home,No,Agency,50,5,3,1610480.1,536826.7000000001,1609.0333333333335
C0734,3,Individual,F,USA,Virginia,Investment,Yes,Client,44,5,3,894573.22,298191.0733333333,1077.3333333333333
C0735,5,Individual,M,Germany,Hesse,Investment,No,Website,31,4,3,1082670.51,360890.17,1129.1766666666665
C0736,4,Individual,M,USA,Utah,Investment,No,Agency,83,3,3,961660.45,320553.48333333334,1049.5133333333333
C0737,4,Individual,M,USA,California,Investment,No,Agency,47,3,3,1271295.42,423765.13999999996,1435.6633333333332
C0738,7,Individual,M,USA,Texas,Home,No,Website,45,5,4,1217179.49,304294.8725,955.7625
C0739,0,Individual,M,USA,California,Home,No,Agency,60,2,4,1239915.48,309978.87,1096.12
C0740,3,Individual,F,USA,Utah,Investment,No,Client,59,1,3,1150084.72,383361.5733333333,1176.2366666666667
C0741,2,Individual,F,USA,California,Home,No,Website,63,2,3,808100.3,269366.76666666666,952.0733333333334
C0742,1,Individual,M,UK,Wales,Home,Yes,Website,45,1,3,943082.4199999999,314360.80666666664,1078.7866666666666
C0743,6,Individual,M,USA,Oregon,Investment,Yes,Website,53,4,3,973707.31,324569.10333333333,1145.4666666666665
C0744,2,Individual,F,USA,Virginia,Home,No,Website,75,1,3,947393.7,315797.89999999997,939.3299999999999
C0745,5,Individual,F,USA,California,Investment,No,Website,28,5,4,1137226.12,284306.53,940.485
C0746,7,Individual,M,UK,Scotland,Home,No,Website,69,4,4,1485041.45,371260.3625,1120.62
C0747,1,Individual,M,USA,Florida,Home,Yes,Website,33,4,3,1321142.35,440380.7833333334,1435.6633333333332
C0748,3,Company,F,USA,California,Home,Yes,Client,51,1,3,1188736.23,396245.41,1332.34
C0749,0,Individual,F,USA,New York,Home,No,Agency,33,5,3,1170883.93,390294.6433333333,1258.6899999999998
C0750,4,Individual,F,USA,Nevada,Investment,No,Agency,49,1,3,887696.78,295898.9266666667,964.2666666666665
C0751,3,Individual,M,USA,California,Home,No,Client,51,5,4,1055948.97,263987.2425,967.0
C0752,4,Individual,F,Belgium,Brussels,Investment,No,Agency,71,3,4,836214.24,209053.56,725.4225
C0753,7,Individual,M,Germany,Hamburg,Home,No,Website,65,5,4,1053102.32,263275.58,868.5725
C0754,5,Individual,F,USA,Arizona,Investment,No,Website,55,3,4,1300009.56,325002.39,1037.4175
C0755,2,Company,F,USA,California,Home,No,Website,58,5,3,1040997.25,346999.0833333333,1286.4833333333333
C0756,1,Individual,F,USA,Utah,Home,Yes,Website,62,5,3,785768.09,261922.69666666666,934.8733333333333
C0757,1,Individual,M,USA,Oregon,Home,Yes,Website,79,3,4,1392690.1199999999,348172.52999999997,1053.27
C0758,5,Individual,M,USA,California,Investment,No,Website,67,2,4,1135189.16,283797.29,928.1775
C0759,7,Individual,M,USA,Florida,Home,No,Website,34,4,3,1327801.32,442600.44,1451.5366666666666
C0760,5,Individual,F,USA,California,Investment,No,Website,61,3,4,1288008.21,322002.0525,1133.69
C0761,0,Individual,F,Belgium,Flanders,Home,No,Agency,44,2,4,1387948.07,346987.0175,1134.4225000000001
C0762,2,Individual,F,USA,Ohio,Home,No,Website,58,4,4,1456185.33,364046.3325,1313.38
C0763,0,Company,F,USA,Georgia,Home,No,Agency,54,3,3,1036781.97,345593.99,1152.5966666666666
C0764,3,Individual,F,UK,Northern Ireland,Investment,No,Client,42,4,4,1670624.74,417656.185,1441.655
C0765,7,Individual,M,France,Brittany,Home,No,Website,58,3,4,1516418.29,379104.5725,1260.0625
C0766,3,Individual,M,Germany,North Rhine-Westphalia,Home,Yes,Client,31,3,4,1601876.1400000001,400469.03500000003,1286.2725
C0767,4,Individual,M,Canada,British Columbia,Investment,No,Agency,64,2,4,1403932.48,350983.12,1242.0825
C0768,6,Individual,M,Denmark,Southern Denmark,Investment,Yes,Website,33,5,3,1048127.47,349375.8233333333,1163.8866666666665
C0769,0,Individual,F,USA,Ohio,Home,No,Agency,67,4,3,675607.7899999999,225202.59666666665,753.3133333333334
C0770,2,Individual,F,Russia,Krasnodar Krai,Home,No,Website,74,4,3,984598.73,328199.57666666666,1104.51
C0771,7,Company,M,USA,California,Home,No,Website,41,1,4,1856997.08,464249.27,1408.3274999999999
C0772,3,Individual,M,USA,California,Investment,No,Client,34,1,3,911164.52,303721.50666666665,1038.2
C0773,7,Individual,M,Russia,Saint Petersburg,Home,No,Website,61,1,4,1451465.46,362866.365,1153.0825
C0774,8,Individual,M,USA,Georgia,Home,Yes,Agency,42,5,3,999792.6799999999,333264.2266666666,1144.8033333333333
C0775,0,Individual,F,USA,Arizona,Home,No,Agency,50,1,4,1043608.37,260902.0925,900.39
C0776,8,Individual,F,Germany,Bavaria,Home,Yes,Agency,59,4,3,914465.3300000001,304821.7766666667,980.8699999999999
C0777,3,Company,M,USA,Arizona,Home,No,Client,43,1,3,1130759.4100000001,376919.8033333334,1313.16
C0778,6,Individual,M,USA,California,Investment,Yes,Agency,27,4,4,1646921.92,411730.48,1334.8775
C0779,8,Individual,F,USA,California,Home,Yes,Agency,72,5,3,1221957.12,407319.04000000004,1325.0800000000002
C0780,2,Individual,F,USA,California,Home,No,Website,78,3,3,708761.6900000001,236253.8966666667,849.6366666666667
C0781,6,Individual,M,USA,California,Investment,Yes,Website,85,5,4,1181206.69,295301.6725,1030.635
C0782,6,Individual,M,USA,Utah,Investment,Yes,Website,55,2,4,1166638.1600000001,291659.54000000004,905.0375
C0783,8,Individual,F,Canada,Alberta,Home,Yes,Agency,64,1,3,1031472.36,343824.12,1156.5633333333333
C0784,5,Individual,M,Mexico,Baja California,Investment,No,Website,52,4,3,1172514.65,390838.2166666666,1356.7466666666667
C0785,2,Company,F,USA,California,Home,No,Website,54,2,4,1047112.48,261778.12,860.9325
C0786,5,Individual,F,USA,California,Investment,No,Website,42,3,3,663797.37,221265.79,724.0866666666667
C0787,7,Individual,M,USA,Washington,Home,No,Website,75,1,3,1405947.6600000001,468649.22000000003,1527.8633333333335
C0788,5,Individual,M,France,Brittany,Investment,No,Website,81,4,4,1799447.01,449861.7525,1482.5875
C0789,5,Individual,F,Canada,Ontario,Investment,No,Website,51,1,3,1125271.6,375090.5333333334,1228.9099999999999
C0790,8,Individual,M,USA,California,Home,Yes,Agency,51,5,4,1521440.8599999999,380360.21499999997,1227.17
C0791,7,Individual,M,USA,Texas,Home,No,Website,43,4,4,1424465.81,356116.4525,1159.9675
C0792,6,Individual,M,USA,California,Investment,Yes,Website,43,4,4,1559979.82,389994.955,1219.85
C0793,0,Individual,M,USA,New York,Home,No,Agency,56,4,4,1245234.35,311308.5875,1048.44
C0794,1,Individual,M,USA,California,Home,Yes,Website,74,4,3,1120488.77,373496.25666666665,1308.5133333333333
C0795,6,Individual,M,USA,California,Investment,Yes,Website,57,4,3,1170869.0899999999,390289.6966666666,1169.0466666666669
C0796,6,Individual,F,USA,California,Investment,Yes,Website,42,5,3,559596.54,186532.18000000002,607.4466666666667
C0797,8,Individual,F,USA,Oregon,Home,Yes,Agency,35,5,3,881179.3,293726.43333333335,851.8699999999999
C0798,8,Company,M,USA,Nevada,Home,Yes,Agency,60,4,4,987267.48,246816.87,840.8725
C0799,2,Individual,F,USA,California,Home,No,Website,71,4,4,1108935.8599999999,277233.96499999997,972.245
C0800,6,Individual,M,USA,Virginia,Investment,Yes,Website,52,5,3,983573.1799999999,327857.7266666666,1151.5466666666666
C0801,1,Individual,F,USA,Washington,Home,Yes,Website,56,4,3,1361712.2999999998,453904.0999999999,1435.6633333333332
C0802,0,Individual,M,USA,Virginia,Home,No,Agency,55,5,3,1074480.81,358160.27,1217.58
C0803,0,Individual,F,USA,Texas,Home,No,Agency,80,4,4,1542819.53,385704.8825,1329.5925
C0804,0,Individual,M,USA,Washington,Home,No,Agency,59,5,3,1223755.92,407918.63999999996,1464.8466666666666
C0805,1,Individual,M,Germany,Berlin,Home,Yes,Website,73,1,3,940964.73,313654.91,995.5099999999999
C0806,3,Individual,M,France,Ile-de-France,Home,No,Client,36,5,4,1485168.27,371292.0675,1220.42
C0807,5,Individual,F,Mexico,Mexico City,Investment,No,Website,32,5,4,1635419.92,408854.98,1412.375
C0808,1,Individual,M,Germany,Berlin,Home,Yes,Website,82,3,3,885158.15,295052.7166666667,1003.3133333333334
C0809,8,Individual,F,France,Occitanie,Home,Yes,Agency,58,5,3,1386118.19,462039.39666666667,1464.8466666666666
C0810,1,Individual,M,USA,California,Home,Yes,Website,30,1,3,922597.5800000001,307532.5266666667,915.6366666666667
C0811,0,Individual,M,UK,Wales,Home,No,Agency,80,3,3,1515201.05,505067.01666666666,1471.8999999999999
C0812,1,Individual,M,UK,Northern Ireland,Home,Yes,Website,51,3,4,1443224.01,360806.0025,1248.58
C0813,4,Individual,M,UK,Scotland,Investment,No,Agency,51,3,4,1314024.52,328506.13,1099.4925
C0814,2,Individual,F,USA,California,Home,No,Website,61,2,3,674363.74,224787.91333333333,706.7266666666666
C0815,8,Company,F,USA,Nevada,Home,Yes,Agency,60,4,3,962374.6499999999,320791.55,1205.9633333333334
C0816,1,Individual,F,Germany,Hamburg,Home,Yes,Website,78,2,3,1003090.8500000001,334363.6166666667,1151.5466666666666
C0817,5,Individual,F,USA,California,Investment,No,Website,53,1,3,1338281.0,446093.6666666667,1448.82
C0818,2,Company,F,USA,Colorado,Home,No,Website,34,2,4,760443.3500000001,190110.83750000002,677.79
C0819,7,Individual,M,USA,California,Home,No,Website,74,5,3,1239378.27,413126.09,1313.16
C0820,4,Individual,F,USA,Texas,Investment,No,Agency,85,4,3,920197.78,306732.5933333333,976.2833333333333
C0821,8,Individual,F,USA,California,Home,Yes,Agency,68,5,3,1371213.26,457071.08666666667,1467.89
C0822,6,Individual,F,USA,California,Investment,Yes,Website,66,3,3,1407630.29,469210.0966666667,1563.9733333333334
C0823,6,Individual,F,USA,Oregon,Investment,Yes,Agency,50,5,4,1722388.8900000001,430597.22250000003,1338.9
C0824,0,Individual,M,USA,California,Home,No,Agency,49,3,3,1234378.85,411459.6166666667,1435.6633333333332
C0825,8,Individual,F,Mexico,Nuevo Leon,Home,Yes,Agency,43,4,4,1246198.0,311549.5,1075.0475000000001
C0826,6,Individual,M,USA,Ohio,Investment,Yes,Website,55,4,4,1255265.82,313816.455,996.1925
C0827,1,Individual,F,USA,Washington,Home,Yes,Website,60,2,4,1176467.77,294116.9425,1025.3225
C0828,6,Individual,F,USA,Arizona,Investment,Yes,Website,78,4,4,1313574.2,328393.55,1122.0925
C0829,5,Individual,M,USA,Utah,Investment,No,Website,65,3,4,1296844.19,324211.0475,1102.08
C0830,4,Individual,M,USA,Oregon,Investment,No,Agency,73,3,4,1518798.69,379699.6725,1169.615
C0831,2,Individual,F,USA,California,Home,No,Website,48,2,3,909532.47,303177.49,979.0866666666667
C0832,6,Individual,F,USA,Nevada,Investment,Yes,Website,36,3,3,1290741.99,430247.33,1336.61
C0833,7,Individual,M,Denmark,Southern Denmark,Home,No,Website,74,5,3,1422486.6099999999,474162.2033333333,1623.3
C0834,2,Individual,F,USA,California,Home,No,Website,68,5,4,1384660.54,346165.135,1073.905
C0835,1,Individual,F,USA,California,Home,Yes,Website,51,5,4,1159317.69,289829.4225,941.61
C0836,7,Individual,M,USA,Ohio,Home,No,Website,83,4,3,1280715.29,426905.0966666667,1493.243333333333
C0837,7,Individual,M,France,Brittany,Home,No,Website,58,1,4,1415445.71,353861.4275,1253.3075
C0838,6,Individual,M,USA,Nevada,Investment,Yes,Website,33,1,3,837604.3,279201.43333333335,853.8133333333334
C0839,8,Individual,F,UK,England,Home,Yes,Agency,31,5,3,1123967.69,374655.89666666667,1308.5133333333333
C0840,2,Individual,F,Belgium,Brussels,Home,No,Website,44,1,4,1508352.25,377088.0625,1329.5925
C0841,7,Individual,M,Belgium,Wallonia,Home,No,Website,26,5,4,1344816.1,336204.025,1167.105
C0842,3,Individual,M,USA,Washington,Home,Yes,Client,29,5,4,1082477.8199999998,270619.45499999996,928.745
C0843,2,Individual,F,USA,Georgia,Home,No,Agency,25,4,3,1377127.37,459042.4566666667,1500.72
C0844,2,Individual,F,USA,California,Home,No,Website,78,2,4,1363201.96,340800.49,1187.8925000000002
C0845,3,Individual,F,USA,Washington,Home,No,Client,32,3,3,1355270.16,451756.72,1471.4466666666667
C0846,4,Individual,F,Canada,Quebec,Investment,No,Agency,49,3,3,1069033.77,356344.59,1135.5233333333333
C0847,8,Individual,F,USA,Utah,Home,Yes,Agency,37,2,4,1258765.46,314691.365,1011.5875
C0848,0,Individual,M,USA,California,Home,No,Agency,58,4,4,1366788.33,341697.0825,1184.9475000000002
C0849,1,Individual,M,USA,Oregon,Home,Yes,Website,48,1,4,1262931.66,315732.915,995.0275
C0850,4,Individual,F,USA,Colorado,Investment,No,Agency,42,5,3,528432.48,176144.16,610.62
C0851,6,Individual,M,USA,California,Investment,Yes,Website,32,2,4,1482957.8800000001,370739.47000000003,1259.95
C0852,0,Individual,M,Germany,North Rhine-Westphalia,Home,No,Agency,36,2,4,1368458.37,342114.5925,1222.37
C0853,7,Individual,M,USA,Utah,Home,No,Website,75,4,4,1293562.22,323390.555,1092.085
C0854,7,Individual,M,USA,California,Home,No,Website,81,4,3,1419031.6099999999,473010.5366666666,1454.4099999999999
C0855,2,Individual,F,Australia,Queensland,Home,No,Website,52,4,4,1198702.15,299675.5375,1114.2125
C0856,1,Individual,F,USA,Florida,Home,Yes,Website,61,5,4,1565508.99,391377.2475,1226.185
C0857,6,Individual,F,USA,California,Investment,Yes,Website,74,1,4,1431064.56,357766.14,1146.2825
C0858,7,Individual,M,USA,Nevada,Home,No,Website,31,1,3,972150.6,324050.2,1156.5633333333333
C0859,8,Individual,F,USA,California,Home,Yes,Agency,83,2,4,1440623.8900000001,360155.97250000003,1154.105
C0860,1,Individual,F,USA,Utah,Home,Yes,Website,57,5,4,1362579.84,340644.96,1148.025
C0861,4,Individual,F,France,Brittany,Investment,No,Agency,31,2,3,1527460.57,509153.5233333334,1635.6233333333332
C0862,5,Individual,F,USA,Colorado,Investment,No,Website,44,1,3,1354421.9100000001,451473.97000000003,1527.8633333333335
C0863,8,Individual,M,Belgium,Wallonia,Home,Yes,Agency,50,5,4,1107744.96,276936.24,984.6475
C0864,7,Individual,M,USA,Texas,Home,No,Website,55,3,3,1085548.02,361849.34,1156.5633333333333
C0865,6,Individual,F,USA,Colorado,Investment,Yes,Website,50,5,4,1268059.13,317014.7825,1008.395
C0866,0,Individual,M,Belgium,Brussels,Home,No,Agency,38,3,4,1331713.08,332928.27,1148.025
C0867,0,Individual,F,USA,California,Home,No,Agency,58,2,3,1028747.3,342915.76666666666,1146.2633333333333
C0868,8,Individual,F,USA,Florida,Home,Yes,Agency,80,3,3,987211.1699999999,329070.38999999996,1049.3799999999999
C0869,0,Individual,M,USA,California,Home,No,Agency,32,4,3,858807.13,286269.04333333333,1012.96
C0870,1,Company,F,UK,Northern Ireland,Home,Yes,Website,59,2,4,1097902.26,274475.565,909.9825
C0871,1,Individual,F,USA,Virginia,Home,Yes,Website,36,1,4,1939848.53,484962.1325,1524.2725
C0872,2,Individual,F,UK,England,Home,No,Website,82,4,4,1462320.39,365580.0975,1326.2525
C0873,7,Individual,M,USA,New York,Home,No,Website,85,2,3,1325777.78,441925.9266666667,1463.22
C0874,5,Individual,F,Belgium,Flanders,Investment,No,Website,72,2,4,1490289.1099999999,372572.27749999997,1186.5225
C0875,7,Individual,M,Canada,Manitoba,Home,No,Website,53,4,3,1308981.48,436327.16,1370.5533333333333
C0876,3,Individual,M,USA,California,Home,No,Client,52,3,3,873771.52,291257.17333333334,971.1899999999999
C0877,6,Individual,F,USA,Utah,Investment,Yes,Agency,27,2,3,1407650.4,469216.8,1493.243333333333
C0878,1,Individual,F,USA,Nevada,Home,Yes,Website,80,4,3,970670.1499999999,323556.7166666666,1008.13
C0879,1,Individual,M,UK,Northern Ireland,Home,Yes,Website,80,4,3,1349121.32,449707.1066666667,1463.22
C0880,2,Individual,F,USA,New York,Home,No,Website,84,2,4,1390002.6400000001,347500.66000000003,1151.37
C0881,5,Individual,F,USA,Colorado,Investment,No,Website,71,1,4,1247321.2,311830.3,1136.6925
C0882,7,Individual,M,UK,Wales,Home,No,Website,25,3,3,1142828.1400000001,380942.7133333334,1435.6633333333332
C0883,3,Individual,M,USA,Texas,Home,No,Client,79,4,4,1979258.27,494814.5675,1699.3675
C0884,7,Individual,M,USA,Nevada,Home,No,Website,76,2,3,1021697.5,340565.8333333333,1209.64
C0885,6,Individual,M,Canada,British Columbia,Investment,Yes,Agency,84,2,3,1540844.02,513614.67333333334,1671.7666666666667
C0886,8,Individual,M,USA,California,Home,Yes,Agency,64,3,3,807556.47,269185.49,941.2099999999999
C0887,0,Individual,F,USA,California,Home,No,Agency,32,3,4,1247287.09,311821.7725,1012.5575
C0888,1,Individual,F,Germany,Berlin,Home,Yes,Website,38,4,4,1104713.19,276178.2975,933.355
C0889,6,Individual,M,USA,Nevada,Investment,Yes,Website,40,4,3,1339350.5899999999,446450.1966666666,1451.2533333333333
C0890,6,Individual,F,USA,Virginia,Investment,Yes,Website,70,3,4,1138394.29,284598.5725,922.66
C0891,6,Individual,M,Germany,North Rhine-Westphalia,Investment,Yes,Website,55,1,4,1340373.08,335093.27,1154.105
C0892,6,Individual,F,USA,California,Investment,Yes,Website,67,2,3,984121.3999999999,328040.4666666666,1167.24
C0893,1,Individual,F,USA,Colorado,Home,Yes,Website,30,3,4,1695839.47,423959.8675,1329.5925
C0894,7,Individual,M,USA,Georgia,Home,No,Website,72,5,3,882067.47,294022.49,932.37
C0895,6,Individual,F,USA,Arizona,Investment,Yes,Website,72,4,3,1127680.6,375893.5333333334,1280.28
C0896,8,Individual,M,France,Brittany,Home,Yes,Agency,55,4,4,1157933.44,289483.36,935.765
C0897,2,Individual,F,Australia,Victoria,Home,No,Website,54,1,3,745691.65,248563.88333333333,801.46
C0898,6,Individual,F,USA,Arizona,Investment,Yes,Agency,72,5,4,836494.02,209123.505,706.0875
C0899,5,Company,F,USA,Washington,Investment,No,Website,37,2,3,1050407.63,350135.87666666665,1076.6899999999998
C0900,0,Individual,F,Germany,North Rhine-Westphalia,Home,No,Agency,26,4,3,606058.22,202019.40666666665,753.3133333333334
C0901,4,Individual,M,France,Brittany,Investment,No,Agency,26,4,3,909138.8400000001,303046.28,909.0566666666667
C0902,8,Company,F,UK,Northern Ireland,Home,Yes,Agency,61,3,4,1281064.76,320266.19,1068.57
C0903,5,Individual,F,USA,Texas,Investment,No,Website,33,3,3,1108147.6099999999,369382.5366666666,1240.6066666666666
C0904,1,Individual,F,Russia,Saint Petersburg,Home,Yes,Website,41,1,4,1050355.29,262588.8225,883.805
C0905,1,Individual,F,USA,Virginia,Home,Yes,Website,32,5,3,877477.72,292492.5733333333,927.6066666666666
C0906,5,Individual,F,USA,California,Investment,No,Website,56,5,4,1757967.56,439491.89,1458.93
C0907,2,Individual,F,USA,California,Home,No,Agency,52,3,3,1375380.46,458460.1533333333,1459.1899999999998
C0908,8,Individual,M,USA,California,Home,Yes,Agency,65,4,4,1129941.35,282485.3375,825.1325
C0909,6,Individual,M,USA,California,Investment,Yes,Agency,58,1,4,1529455.73,382363.9325,1183.04
C0910,8,Individual,F,USA,Texas,Home,Yes,Agency,54,3,3,1293598.48,431199.49333333335,1238.36
C0911,7,Individual,M,USA,California,Home,No,Website,36,4,4,1310405.32,327601.33,972.335
C0912,2,Individual,F,USA,California,Home,No,Agency,76,1,3,1322130.05,440710.01666666666,1351.4633333333334
C0913,0,Individual,M,USA,California,Home,No,Agency,26,4,4,1935637.92,483909.48,1552.15
C0914,5,Individual,F,France,Provence,Investment,No,Website,77,4,4,1124290.78,281072.695,984.6475
C0915,0,Individual,M,USA,Florida,Home,No,Agency,77,2,3,1309768.71,436589.57,1283.46
C0916,7,Individual,M,Russia,Moscow Oblast,Home,No,Website,37,2,4,1377591.46,344397.865,1114.105
C0917,8,Individual,M,USA,Arizona,Home,Yes,Agency,56,2,3,756785.49,252261.83,851.4266666666667
C0918,3,Individual,F,Australia,Western Australia,Home,No,Client,25,4,3,1461361.8699999999,487120.6233333333,1583.2166666666665
C0919,4,Individual,F,Canada,Quebec,Investment,No,Agency,50,5,3,1059524.55,353174.85000000003,1179.5233333333333
C0920,7,Individual,M,USA,California,Home,No,Website,52,4,3,878368.79,292789.5966666667,934.4333333333334
C0921,0,Individual,F,Australia,New South Wales,Home,No,Agency,26,4,3,802736.76,267578.92,900.46
C0922,6,Individual,M,Australia,Victoria,Investment,Yes,Website,83,4,3,1105753.98,368584.66,1200.3500000000001
C0923,3,Individual,F,USA,Oregon,Home,No,Client,75,3,4,1183422.85,295855.7125,1035.1925
C0924,2,Individual,F,USA,California,Home,No,Website,37,4,4,1558670.83,389667.7075,1313.38
C0925,7,Individual,M,Germany,Hamburg,Home,No,Website,81,2,3,1308035.02,436011.67333333334,1471.8999999999999
C0926,2,Individual,F,USA,California,Home,No,Website,64,3,3,1078841.73,359613.91,1207.6466666666668
C0927,3,Individual,F,France,Ile-de-France,Home,No,Client,63,4,3,933499.38,311166.46,952.2633333333333
C0928,8,Individual,M,USA,California,Home,Yes,Agency,75,1,3,758070.13,252690.04333333333,883.7466666666666
C0929,7,Individual,M,USA,Washington,Home,No,Website,71,4,3,1167841.72,389280.5733333333,1117.9399999999998
C0930,6,Individual,F,USA,Washington,Investment,Yes,Agency,32,1,3,924305.53,308101.8433333333,1110.6233333333332
C0931,3,Individual,M,USA,Nevada,Investment,Yes,Client,48,2,3,997418.61,332472.87,1090.9466666666667
C0932,2,Individual,F,USA,New York,Home,No,Website,76,5,4,1468310.6600000001,367077.66500000004,1196.9724999999999
C0933,2,Individual,F,USA,California,Home,No,Website,70,4,3,1077170.94,359056.98,1155.4633333333334
C0934,6,Individual,F,UK,Northern Ireland,Investment,Yes,Website,82,5,3,912489.5900000001,304163.1966666667,1086.9833333333333
C0935,0,Individual,F,Canada,Manitoba,Home,No,Agency,25,4,3,1133032.49,377677.49666666664,1221.6766666666665
C0936,3,Individual,F,USA,California,Home,No,Client,74,3,3,782945.97,260981.99,879.3433333333332
C0937,3,Individual,M,USA,Arizona,Home,No,Client,43,5,4,1370340.9100000001,342585.22750000004,1127.3175
C0938,7,Individual,M,Russia,Krasnodar Krai,Home,No,Website,62,4,3,854217.7,284739.23333333334,851.87
C0939,5,Individual,F,Belgium,Brussels,Investment,No,Website,47,1,4,1190833.68,297708.42,996.3625
C0940,5,Individual,M,USA,Virginia,Investment,No,Website,40,5,4,1628937.85,407234.4625,1332.2825
C0941,0,Individual,F,Mexico,Jalisco,Home,No,Agency,70,1,3,1028314.09,342771.36333333334,1089.46
C0942,2,Individual,F,USA,California,Home,No,Website,34,1,4,1402631.76,350657.94,1008.6625
C0943,5,Individual,F,Canada,Manitoba,Investment,No,Website,68,5,3,975048.28,325016.0933333333,1129.1766666666665
C0944,2,Individual,F,USA,Florida,Home,No,Website,69,2,3,1256722.03,418907.3433333333,1283.46
C0945,2,Individual,F,France,Provence,Home,No,Website,80,4,3,973406.55,324468.85000000003,1102.8633333333335
C0946,6,Individual,F,USA,Nevada,Investment,Yes,Agency,79,3,3,827605.63,275868.54333333333,897.3100000000001
C0947,2,Individual,F,USA,Texas,Home,No,Website,44,2,3,1096583.29,365527.76333333337,1190.3133333333333
C0948,6,Individual,F,USA,California,Investment,Yes,Website,36,3,4,1532000.51,383000.1275,1299.3675
C0949,3,Individual,F,USA,Colorado,Investment,Yes,Client,82,5,4,1397057.95,349264.4875,1102.2725
C0950,5,Individual,F,USA,Texas,Investment,No,Website,34,5,4,1418212.48,354553.12,1146.9925
C0951,3,Individual,F,Mexico,Nuevo Leon,Home,Yes,Client,27,1,4,1658301.92,414575.48,1290.8
C0952,2,Individual,F,USA,Oregon,Home,No,Website,66,5,4,1886501.9300000002,471625.48250000004,1510.65
C0953,1,Company,M,USA,Washington,Home,Yes,Website,30,5,3,639815.0,213271.66666666666,839.1433333333334
C0954,6,Individual,M,France,Brittany,Investment,Yes,Agency,75,4,4,1493788.0,373447.0,1204.4975
C0955,2,Individual,F,USA,California,Home,No,Website,57,1,3,1098111.78,366037.26,1205.9633333333334
C0956,1,Individual,M,USA,California,Home,Yes,Website,59,1,4,1647197.45,411799.3625,1294.645
C0957,3,Company,M,USA,Oregon,Home,Yes,Client,64,2,4,1295242.02,323810.505,1072.5575
C0958,1,Individual,F,USA,Nevada,Home,Yes,Website,34,1,4,936091.4500000001,234022.86250000002,834.6575
C0959,0,Individual,M,USA,California,Home,No,Agency,73,3,4,1840159.66,460039.915,1572.79
C0960,3,Individual,F,USA,Arizona,Investment,Yes,Client,65,1,4,1380084.58,345021.145,1148.2475
C0961,1,Individual,M,UK,Wales,Home,Yes,Website,51,2,4,1681311.67,420327.9175,1271.345
C0962,7,Individual,M,USA,California,Home,No,Website,85,4,4,1335726.82,333931.705,1114.2125
C0963,0,Individual,M,Canada,Alberta,Home,No,Agency,84,4,3,598874.99,199624.99666666667,678.9699999999999
C0964,2,Individual,F,USA,California,Home,No,Website,72,4,3,1015121.6900000001,338373.89666666667,1168.3833333333334
C0965,5,Individual,F,USA,New York,Investment,No,Website,64,3,3,840199.6100000001,280066.5366666667,862.1066666666666
C0966,5,Company,M,USA,California,Investment,No,Website,30,3,4,1606785.0499999998,401696.26249999995,1510.34
C0967,0,Individual,F,USA,California,Home,No,Agency,66,2,3,705599.66,235199.8866666667,879.3433333333332
C0968,2,Individual,F,USA,Arizona,Home,No,Website,30,4,3,1089074.71,363024.9033333333,1168.3833333333334
C0969,6,Individual,F,Russia,Tatarstan,Investment,Yes,Agency,49,1,3,1118760.19,372920.0633333333,1186.4366666666667
C0970,1,Individual,M,Denmark,North Denmark,Home,Yes,Website,39,3,4,1596404.25,399101.0625,1313.38
C0971,6,Individual,F,USA,Colorado,Investment,Yes,Website,56,5,4,1278450.05,319612.5125,1011.23
C0972,0,Individual,F,USA,Arizona,Home,No,Agency,61,5,4,1298009.03,324502.2575,1072.985
C0973,3,Individual,M,USA,California,Investment,No,Client,33,2,4,1595817.1600000001,398954.29000000004,1210.7375000000002
C0974,0,Individual,M,USA,New York,Home,No,Agency,64,1,4,1210990.11,302747.5275,1008.395
C0975,7,Individual,M,USA,Utah,Home,No,Website,79,4,3,941310.61,313770.2033333333,1050.08
C0976,1,Individual,M,USA,California,Home,Yes,Website,42,4,4,1206149.98,301537.495,947.7475000000001
C0977,0,Individual,M,USA,California,Home,No,Agency,29,1,3,944672.95,314890.98333333334,1092.5066666666667
C0978,1,Individual,F,USA,California,Home,Yes,Website,62,4,3,1449360.9100000001,483120.3033333334,1526.9566666666667
C0979,5,Individual,F,Canada,Quebec,Investment,No,Website,85,4,3,864661.4500000001,288220.48333333334,939.3299999999999
C0980,6,Individual,M,USA,New York,Investment,Yes,Website,84,1,3,1156326.6400000001,385442.2133333334,1392.5566666666666
C0981,5,Individual,F,USA,California,Investment,No,Website,64,1,4,2048324.19,512081.0475,1555.2975000000001
C0982,6,Individual,F,Canada,Manitoba,Investment,Yes,Agency,64,5,3,1443503.73,481167.91,1456.36
C0983,2,Individual,F,Germany,North Rhine-Westphalia,Home,No,Website,31,4,3,803219.7,267739.89999999997,899.62
C0984,8,Individual,M,Canada,British Columbia,Home,Yes,Agency,63,5,3,1206529.21,402176.4033333333,1337.1733333333334
C0985,1,Individual,F,USA,California,Home,Yes,Website,71,1,3,886990.72,295663.5733333333,934.4333333333334
C0986,2,Individual,F,Russia,Saint Petersburg,Home,No,Website,44,2,3,1445226.07,481742.0233333334,1510.3766666666668
C0987,8,Individual,F,Germany,North Rhine-Westphalia,Home,Yes,Agency,58,1,4,1086018.36,271504.59,984.12
C0988,8,Individual,M,USA,Texas,Home,Yes,Agency,37,3,3,695033.8,231677.93333333335,724.0866666666667
C0989,2,Individual,F,USA,Oregon,Home,No,Website,79,4,4,1129907.31,282476.8275,1035.1925
C0990,7,Individual,M,USA,Utah,Home,No,Website,84,4,4,1588383.3599999999,397095.83999999997,1321.76
C0991,2,Individual,F,USA,Nevada,Home,No,Website,50,1,3,1223116.15,407705.3833333333,1464.8466666666666
C0992,1,Individual,M,Denmark,Capital Region,Home,Yes,Website,37,1,4,1478482.61,369620.6525,1205.465
C0993,1,Individual,M,USA,California,Home,Yes,Website,71,2,3,530494.44,176831.47999999998,610.62
C0994,7,Individual,M,USA,California,Home,No,Website,49,3,4,1379902.8699999999,344975.71749999997,1187.8925000000002
C0995,1,Individual,F,Australia,New South Wales,Home,Yes,Website,76,1,3,1004120.77,334706.92333333334,1037.11
C0996,3,Individual,M,Canada,Manitoba,Home,Yes,Client,69,2,3,888968.0,296322.6666666667,941.2099999999999
C0997,6,Individual,M,USA,California,Investment,Yes,Agency,75,3,3,1607877.07,535959.0233333333,1654.4733333333334
C0998,0,Company,F,USA,Virginia,Home,No,Agency,56,4,4,1230552.15,307638.0375,1053.27
C0999,4,Individual,F,USA,California,Investment,No,Agency,56,3,3,661984.35,220661.44999999998,753.3133333333334
C1000,1,Individual,F,USA,Utah,Home,Yes,Website,62,2,4,1629372.23,407343.0575,1316.6550000000002
C1001,7,Individual,M,USA,California,Home,No,Website,44,3,4,1650296.94,412574.235,1326.3725
C1002,7,Individual,M,USA,California,Home,No,Website,58,5,3,1064050.72,354683.5733333333,1052.0866666666668
C1003,2,Individual,F,USA,Nevada,Home,No,Website,48,2,3,1164909.23,388303.07666666666,1303.7766666666666
C1004,1,Individual,M,USA,Oregon,Home,Yes,Website,43,3,4,1553467.6600000001,388366.91500000004,1254.045
C1005,3,Individual,F,Germany,Hamburg,Home,No,Client,37,3,3,778101.6000000001,259367.20000000004,993.0033333333334
C1006,2,Individual,F,USA,Georgia,Home,No,Website,33,1,3,738938.8,246312.93333333335,828.39
C1007,0,Individual,F,UK,England,Home,No,Agency,77,4,3,813104.68,271034.89333333337,847.0366666666667
C1008,7,Company,M,USA,California,Home,No,Website,38,2,4,1018262.69,254565.6725,849.79
C1009,6,Individual,F,USA,Nevada,Investment,Yes,Agency,75,4,3,741160.04,247053.34666666668,971.1899999999999
C1010,7,Individual,M,Mexico,Jalisco,Home,No,Website,61,4,4,1331479.73,332869.9325,1077.195
C1011,5,Individual,F,USA,California,Investment,No,Website,73,1,4,1281389.3900000001,320347.34750000003,1075.505
C1012,1,Individual,M,USA,New York,Home,Yes,Website,65,4,3,1690270.5,563423.5,1736.0333333333335
C1013,1,Individual,F,USA,Oregon,Home,Yes,Website,31,1,4,1627907.97,406976.9925,1298.145
C1014,1,Individual,M,USA,California,Home,Yes,Website,57,3,3,1278106.36,426035.45333333337,1523.6933333333334
C1015,1,Individual,M,USA,California,Home,Yes,Website,48,4,3,884426.51,294808.83666666667,973.09
C1016,8,Individual,F,USA,California,Home,Yes,Agency,49,4,4,1542774.6099999999,385693.65249999997,1214.5625
C1017,8,Individual,F,USA,California,Home,Yes,Agency,57,1,4,1116371.43,279092.8575,928.745
C1018,3,Individual,F,USA,Colorado,Home,Yes,Client,58,5,3,845680.5700000001,281893.5233333334,1033.4833333333333
C1019,3,Individual,F,USA,Nevada,Home,No,Client,50,2,3,1167255.18,389085.06,1325.0800000000002
C1020,0,Individual,F,USA,California,Home,No,Agency,31,3,4,1248826.8599999999,312206.71499999997,994.0725
C1021,3,Individual,M,USA,California,Investment,No,Client,51,1,4,1554739.9,388684.975,1340.7775000000001
C1022,0,Individual,F,USA,Colorado,Home,No,Agency,41,1,4,1389709.13,347427.2825,1122.0925
C1023,1,Individual,F,USA,Nevada,Home,Yes,Website,72,1,3,1336237.87,445412.62333333335,1599.3433333333332
C1024,4,Individual,M,USA,Arizona,Investment,No,Agency,56,2,3,1351032.92,450344.30666666664,1510.3766666666668
C1025,3,Individual,F,USA,California,Home,No,Client,79,1,3,738424.1799999999,246141.3933333333,735.3566666666667
C1026,4,Individual,M,USA,California,Investment,No,Agency,34,1,3,1440775.1,480258.3666666667,1452.2633333333333
C1027,3,Individual,M,USA,California,Investment,Yes,Client,49,1,3,1554407.81,518135.9366666667,1649.26
C1028,1,Individual,M,USA,California,Home,Yes,Website,83,1,4,1143826.71,285956.6775,984.12
C1029,0,Individual,M,Australia,Victoria,Home,No,Agency,76,1,3,946560.97,315520.3233333333,1049.3799999999999
C1030,2,Individual,F,USA,Ohio,Home,No,Website,65,4,4,1353543.06,338385.765,1070.475
C1031,7,Individual,M,UK,England,Home,No,Website,36,1,3,1011333.2,337111.06666666665,1088.5866666666668
C1032,7,Individual,M,USA,Nevada,Home,No,Website,49,5,4,1494289.73,373572.4325,1086.2275
C1033,7,Individual,M,France,Ile-de-France,Home,No,Website,63,2,4,1496120.51,374030.1275,1313.38
C1034,3,Individual,F,USA,Colorado,Home,No,Client,46,5,4,1200049.6,300012.4,970.375
C1035,7,Individual,M,USA,Virginia,Home,No,Website,64,2,4,1528550.1300000001,382137.53250000003,1227.17
C1036,0,Individual,F,USA,Oregon,Home,No,Agency,37,2,3,1176436.08,392145.36000000004,1350.4933333333333
C1037,1,Company,M,Mexico,Baja California,Home,Yes,Website,56,2,3,1115637.13,371879.0433333333,1190.3133333333333
C1038,5,Individual,M,USA,California,Investment,No,Website,66,3,3,907128.2000000001,302376.0666666667,939.3299999999999
C1039,8,Individual,M,USA,California,Home,Yes,Agency,63,1,4,1428452.94,357113.235,1210.7375000000002
C1040,6,Individual,M,USA,California,Investment,Yes,Website,85,5,3,901095.79,300365.26333333337,992.2199999999999
C1041,1,Individual,F,USA,Nevada,Home,Yes,Website,35,5,3,1150040.79,383346.93,1303.7766666666666
C1042,0,Individual,F,USA,Nevada,Home,No,Agency,80,2,4,1325783.46,331445.865,1122.0925
C1043,2,Individual,F,USA,Washington,Home,No,Website,26,5,3,1067911.8599999999,355970.61999999994,1357.1933333333334
C1044,5,Individual,M,USA,Nevada,Investment,No,Website,54,5,4,1368036.3900000001,342009.09750000003,1145.535
C1045,2,Individual,F,USA,New York,Home,No,Website,83,3,3,974840.03,324946.6766666667,1060.1133333333335
C1046,1,Individual,F,Canada,Quebec,Home,Yes,Website,56,4,4,1301128.39,325282.0975,1049.6999999999998
C1047,7,Individual,M,USA,Virginia,Home,No,Website,41,3,3,1333737.83,444579.2766666667,1454.5733333333335
C1048,4,Individual,F,USA,Oregon,Investment,No,Agency,55,1,3,1349339.41,449779.8033333333,1439.256666666667
C1049,5,Individual,F,USA,California,Investment,No,Website,85,5,3,1214294.1600000001,404764.72000000003,1451.5366666666669
C1050,1,Individual,M,USA,Georgia,Home,Yes,Website,70,4,4,1274655.09,318663.7725,1192.72
C1051,8,Individual,F,USA,Virginia,Home,Yes,Agency,67,1,3,894972.26,298324.08666666667,1016.7433333333333
C1052,8,Individual,F,USA,Utah,Home,Yes,Agency,72,1,4,1008000.54,252000.135,836.9425
C1053,1,Individual,M,Mexico,Nuevo Leon,Home,Yes,Website,51,2,3,1280976.9,426992.3,1336.61
C1054,1,Individual,M,USA,Arizona,Home,Yes,Website,36,2,3,837920.5800000001,279306.86000000004,879.3433333333332
C1055,6,Individual,M,USA,New York,Investment,Yes,Website,53,2,3,811498.78,270499.5933333333,926.3966666666666
C1056,1,Individual,M,USA,Colorado,Home,Yes,Website,46,1,3,1436352.77,478784.25666666665,1754.9366666666667
C1057,5,Individual,M,USA,Nevada,Investment,No,Website,31,5,4,1430593.53,357648.3825,1301.4
C1058,1,Individual,F,Germany,Bavaria,Home,Yes,Website,52,3,4,1526007.8199999998,381501.95499999996,1190.4075
C1059,2,Individual,F,USA,California,Home,No,Website,47,4,3,1266979.76,422326.58666666667,1422.97
C1060,0,Individual,M,USA,Nevada,Home,No,Agency,85,5,3,1167625.18,389208.3933333333,1321.5033333333333
C1061,2,Individual,F,UK,Scotland,Home,No,Website,65,1,4,1689767.29,422441.8225,1422.9925
C1062,0,Individual,M,USA,California,Home,No,Agency,50,4,4,1766882.53,441720.6325,1406.6075
C1063,6,Individual,F,USA,New York,Investment,Yes,Website,37,5,3,1315820.94,438606.98,1354.2933333333333
C1064,1,Individual,M,USA,California,Home,Yes,Website,80,5,3,695434.77,231811.59,883.7466666666668
C1065,3,Individual,M,USA,Georgia,Home,Yes,Client,71,3,3,1107631.34,369210.4466666667,1263.5766666666666
C1066,2,Individual,F,Australia,Victoria,Home,No,Website,84,1,4,1208868.77,302217.1925,990.9875000000001
C1067,4,Individual,M,Mexico,Jalisco,Investment,No,Agency,83,4,3,849001.36,283000.4533333333,904.0466666666667
C1068,2,Individual,F,USA,California,Home,No,Agency,41,3,3,1403831.31,467943.77,1609.0333333333335
C1069,8,Individual,M,USA,Virginia,Home,Yes,Agency,33,3,3,1323760.8399999999,441253.6133333333,1413.0600000000002
C1070,2,Individual,F,Germany,Bavaria,Home,No,Agency,74,5,3,1286265.1400000001,428755.0466666667,1471.8999999999999
C1071,0,Individual,M,USA,Texas,Home,No,Agency,59,2,4,1047375.62,261843.905,874.6275
C1072,0,Individual,F,USA,Utah,Home,No,Agency,63,3,3,829884.93,276628.31,979.0866666666667
C1073,5,Individual,M,USA,California,Investment,No,Website,70,2,4,1197808.83,299452.2075,952.0525
C1074,7,Individual,M,UK,Northern Ireland,Home,No,Website,71,1,3,1004700.45,334900.14999999997,1092.5400000000002
C1075,2,Individual,F,Mexico,Baja California,Home,No,Website,50,3,4,1178400.08,294600.02,984.9525
C1076,4,Individual,F,USA,Florida,Investment,No,Agency,45,3,3,884169.44,294723.14666666667,976.8166666666666
C1077,4,Individual,M,USA,Texas,Investment,No,Agency,43,2,4,1467449.24,366862.31,1245.935
C1078,0,Individual,M,USA,Ohio,Home,No,Agency,85,1,3,1247337.58,415779.19333333336,1303.7766666666666
C1079,6,Individual,M,USA,California,Investment,Yes,Website,66,4,3,1151228.31,383742.77,1336.61
C1080,4,Individual,F,UK,England,Investment,No,Agency,69,4,4,1594795.52,398698.88,1425.28
C1081,8,Company,M,Russia,Novosibirsk,Home,Yes,Agency,51,4,3,1006584.7,335528.23333333334,1203.39
C1082,6,Individual,F,USA,Oregon,Investment,Yes,Website,32,5,3,829499.85,276499.95,953.1133333333333
C1083,4,Individual,F,USA,Colorado,Investment,No,Agency,75,4,4,1145122.1,286280.525,939.4875
C1084,0,Individual,F,France,Ile-de-France,Home,No,Agency,36,4,4,1357921.15,339480.2875,1136.6925
C1085,3,Individual,F,Australia,Queensland,Investment,No,Client,78,1,3,797675.03,265891.6766666667,994.8266666666667
C1086,1,Individual,M,USA,Colorado,Home,Yes,Website,69,1,4,1339827.27,334956.8175,1030.21
C1087,7,Individual,M,USA,Colorado,Home,No,Website,42,3,4,1878433.21,469608.3025,1575.1075
C1088,8,Individual,M,USA,Utah,Home,Yes,Agency,27,4,3,802271.19,267423.73,883.7466666666666
C1089,1,Individual,F,USA,Utah,Home,Yes,Website,63,1,4,959344.08,239836.02,828.375
C1090,3,Individual,F,Canada,Alberta,Home,Yes,Client,63,3,3,1217272.58,405757.5266666667,1396.0966666666666
C1091,8,Individual,M,USA,Nevada,Home,Yes,Agency,41,1,3,741797.49,247265.83,853.6566666666668
C1092,5,Individual,M,USA,Oregon,Investment,No,Website,29,2,3,1213248.05,404416.01666666666,1452.2633333333333
C1093,1,Individual,M,USA,Oregon,Home,Yes,Website,45,1,3,805402.8300000001,268467.61000000004,900.46
C1094,1,Individual,F,USA,Washington,Home,Yes,Website,65,2,4,1631407.56,407851.89,1273.5475000000001
C1095,0,Individual,F,USA,California,Home,No,Agency,85,3,4,1454366.24,363591.56,1264.0125
C1096,3,Individual,F,USA,New York,Home,No,Client,60,2,4,1756661.91,439165.4775,1339.695
C1097,8,Individual,F,Canada,Alberta,Home,Yes,Agency,63,3,3,1064342.81,354780.9366666667,1162.6166666666666
C1098,3,Individual,M,USA,California,Investment,No,Client,49,3,3,1187774.23,395924.74333333335,1290.0866666666668
C1099,0,Individual,F,USA,Colorado,Home,No,Agency,53,3,4,1426501.12,356625.28,1153.0825
C1100,7,Individual,M,Russia,Novosibirsk,Home,No,Website,85,1,4,1314225.5899999999,328556.39749999996,1042.1725000000001
C1101,7,Individual,M,Belgium,Flanders,Home,No,Website,62,5,4,1037914.4299999999,259478.60749999998,868.5725
C1102,0,Company,M,Germany,Berlin,Home,No,Agency,65,2,4,1248456.03,312114.0075,993.0625
C1103,0,Individual,M,Belgium,Wallonia,Home,No,Agency,64,4,4,1206840.81,301710.2025,997.415
C1104,6,Individual,M,USA,Utah,Investment,Yes,Website,27,5,3,893996.19,297998.73,1025.0133333333333
C1105,1,Individual,M,USA,Nevada,Home,Yes,Website,86,3,4,1623510.31,405877.5775,1365.9450000000002
C1106,0,Individual,M,USA,California,Home,No,Agency,43,1,3,773499.85,257833.28333333333,842.68
C1107,7,Individual,M,Canada,British Columbia,Home,No,Website,78,1,3,1156527.59,385509.1966666667,1268.0466666666669
C1108,2,Individual,F,Australia,South Australia,Home,No,Website,31,4,3,1069904.1,356634.7,1238.36
C1109,3,Individual,F,USA,California,Home,Yes,Client,58,1,4,1756965.37,439241.3425,1458.93
C1110,1,Individual,M,USA,New York,Home,Yes,Website,48,5,4,1445458.33,361364.5825,1152.9099999999999
C1111,1,Company,M,USA,California,Home,Yes,Website,58,4,3,885146.14,295048.7133333333,897.3100000000001
C1112,6,Individual,M,USA,Nevada,Investment,Yes,Website,44,3,3,961599.4199999999,320533.13999999996,975.9433333333333
C1113,3,Individual,F,USA,Texas,Investment,No,Client,51,2,4,1162770.88,290692.72,942.0350000000001
C1114,2,Individual,F,USA,California,Home,No,Website,33,3,3,872825.73,290941.91,1072.7266666666667
C1115,8,Individual,M,USA,Colorado,Home,Yes,Agency,52,3,3,1054599.19,351533.0633333333,1108.9966666666667
C1116,8,Individual,F,USA,California,Home,Yes,Agency,34,1,3,766951.9500000001,255650.65000000002,879.3433333333332
C1117,1,Individual,F,Mexico,Mexico City,Home,Yes,Website,70,5,4,1149629.49,287407.3725,1047.99
C1118,6,Company,M,UK,Scotland,Investment,Yes,Website,56,2,3,859368.99,286456.33,983.3166666666666
C1119,1,Individual,M,USA,Oregon,Home,Yes,Website,84,1,3,938703.6599999999,312901.22,949.9033333333333
C1120,2,Individual,F,USA,Arizona,Home,No,Website,46,1,4,1371211.29,342802.8225,1123.6174999999998
C1121,3,Individual,F,USA,California,Home,No,Client,40,1,3,1014661.78,338220.5933333333,1124.5
C1122,2,Individual,F,USA,California,Home,No,Website,83,4,4,1558949.2,389737.3,1208.8775
C1123,0,Individual,M,USA,Virginia,Home,No,Agency,74,5,3,1241771.44,413923.8133333333,1283.7066666666667
C1124,6,Individual,F,USA,Oregon,Investment,Yes,Website,49,5,4,1272190.01,318047.5025,1040.8899999999999
C1125,0,Individual,M,USA,Oregon,Home,No,Agency,84,3,3,1186907.08,395635.69333333336,1332.34
C1126,1,Company,M,USA,Virginia,Home,Yes,Website,42,1,3,893488.2,297829.39999999997,1015.9399999999999
C1127,5,Individual,F,UK,England,Investment,No,Website,82,1,3,838728.4,279576.13333333336,932.37
C1128,5,Individual,M,USA,California,Investment,No,Website,42,1,3,1186634.53,395544.8433333333,1330.8533333333332
C1129,4,Individual,F,USA,Colorado,Investment,No,Agency,80,5,4,1463125.26,365781.315,1219.4375
C1130,2,Individual,F,USA,Arizona,Home,No,Website,38,5,4,1326217.01,331554.2525,1009.23
C1131,5,Individual,F,USA,California,Investment,No,Website,41,3,3,1210500.79,403500.26333333337,1317.7333333333333
C1132,1,Individual,M,USA,New York,Home,Yes,Website,43,2,3,1383901.27,461300.42333333334,1448.82
C1133,5,Individual,M,USA,Oregon,Investment,No,Website,32,3,4,1427019.92,356754.98,1210.7375000000002
C1134,5,Individual,F,USA,California,Investment,No,Website,82,1,4,1088583.78,272145.945,905.0375
C1135,3,Individual,F,Russia,Moscow Oblast,Investment,Yes,Client,26,5,3,1186082.75,395360.9166666667,1303.4733333333334
C1136,8,Individual,F,USA,California,Home,Yes,Agency,60,3,3,1016844.64,338948.2133333333,1023.8800000000001
C1137,8,Individual,F,USA,Nevada,Home,Yes,Agency,39,4,3,1114902.43,371634.1433333333,1140.1733333333334
C1138,7,Individual,M,USA,Oregon,Home,No,Website,61,1,3,840602.9199999999,280200.9733333333,952.0733333333334
C1139,3,Individual,F,USA,California,Home,Yes,Client,29,4,3,1297382.59,432460.86333333334,1439.256666666667
C1140,1,Individual,M,USA,Florida,Home,Yes,Website,49,1,3,1275809.71,425269.9033333333,1277.2733333333333
C1141,5,Individual,F,USA,Arizona,Investment,No,Website,25,3,3,990242.33,330080.7766666667,1101.55
C1142,8,Individual,F,USA,Colorado,Home,Yes,Agency,77,2,4,1492680.13,373170.0325,1222.37
C1143,1,Individual,M,USA,Arizona,Home,Yes,Website,31,2,3,1108329.67,369443.2233333333,1343.8166666666666
C1144,3,Individual,F,USA,Georgia,Investment,No,Client,47,4,4,1244666.12,311166.53,1027.0725
C1145,7,Individual,M,USA,Nevada,Home,No,Website,32,5,3,1118850.31,372950.10333333333,1267.4066666666668
C1146,5,Individual,M,USA,California,Investment,No,Website,34,2,3,1037824.43,345941.4766666667,1136.0866666666668
C1147,2,Individual,F,USA,Utah,Home,No,Website,47,3,3,905314.84,301771.61333333334,1010.5300000000001
C1148,8,Individual,M,Australia,New South Wales,Home,Yes,Agency,34,1,3,1083677.57,361225.8566666667,1221.3833333333334
C1149,0,Individual,F,Russia,Tatarstan,Home,No,Agency,45,3,4,1277449.99,319362.4975,1053.27
C1150,4,Individual,F,USA,Nevada,Investment,No,Agency,33,4,3,1476970.3,492323.43333333335,1550.1266666666668
C1151,5,Individual,M,USA,Arizona,Investment,No,Website,62,2,4,1760000.3399999999,440000.08499999996,1350.2175
C1152,7,Individual,M,USA,Georgia,Home,No,Website,48,1,4,1654928.32,413732.08,1374.585
C1153,7,Individual,M,USA,California,Home,No,Website,34,1,3,1007630.0,335876.6666666667,1170.3533333333332
C1154,8,Individual,M,USA,Utah,Home,Yes,Agency,69,5,4,1373889.96,343472.49,1135.325
C1155,7,Individual,M,USA,California,Home,No,Website,48,5,3,1577625.0,525875.0,1679.1066666666666
C1156,0,Individual,F,USA,Virginia,Home,No,Agency,69,4,3,859956.66,286652.22000000003,1008.13
C1157,5,Individual,M,Canada,Alberta,Investment,No,Website,81,2,4,894080.38,223520.095,716.4525
C1158,5,Individual,F,USA,California,Investment,No,Website,70,2,3,941360.29,313786.76333333337,972.0533333333333
C1159,6,Individual,M,USA,Nevada,Investment,Yes,Website,85,1,3,1170550.92,390183.63999999996,1175.6833333333334
C1160,1,Individual,M,USA,Florida,Home,Yes,Website,45,2,4,1359425.8599999999,339856.46499999997,1101.9875
C1161,6,Individual,M,Canada,Alberta,Investment,Yes,Website,31,3,4,2022416.31,505604.0775,1486.3274999999999
C1162,5,Individual,M,USA,California,Investment,No,Website,63,2,4,1116223.63,279055.9075,872.6800000000001
C1163,1,Individual,M,USA,California,Home,Yes,Website,27,3,4,1202709.18,300677.295,1059.8375
C1164,8,Individual,F,Belgium,Wallonia,Home,Yes,Agency,57,3,4,1315287.03,328821.7575,1169.615
C1165,2,Individual,F,Russia,Moscow Oblast,Home,No,Website,31,1,3,970705.3999999999,323568.4666666666,1079.9266666666665
C1166,5,Individual,M,USA,New York,Investment,No,Website,34,1,4,1163601.79,290900.4475,939.4875
C1167,7,Individual,M,UK,Scotland,Home,No,Website,58,3,3,1163104.83,387701.61000000004,1193.7733333333333
C1168,8,Individual,F,Germany,Hamburg,Home,Yes,Agency,27,2,4,1081069.19,270267.2975,901.245
C1169,8,Individual,M,Russia,Saint Petersburg,Home,Yes,Agency,32,5,4,900300.22,225075.055,832.615
C1170,1,Individual,F,USA,Nevada,Home,Yes,Website,35,1,4,1165955.62,291488.905,1009.9325
C1171,6,Individual,F,USA,California,Investment,Yes,Website,41,4,4,1561809.25,390452.3125,1276.9875
C1172,2,Individual,F,USA,Nevada,Home,No,Website,83,5,4,1240274.79,310068.6975,990.4475
C1173,5,Individual,F,Canada,Manitoba,Investment,No,Website,41,1,4,1261072.17,315268.0425,1014.9825
C1174,0,Individual,M,USA,Nevada,Home,No,Agency,43,2,4,1414798.99,353699.7475,1244.8049999999998
C1175,2,Individual,F,USA,California,Home,No,Website,66,2,4,1766232.62,441558.155,1449.3775
C1176,6,Individual,F,USA,California,Investment,Yes,Agency,50,4,3,1003328.89,334442.9633333333,1170.3533333333332
C1177,4,Individual,M,USA,California,Investment,No,Agency,27,2,4,1047224.2699999999,261806.06749999998,816.1600000000001
C1178,0,Individual,F,USA,California,Home,No,Agency,75,1,3,744651.07,248217.02333333332,801.46
C1179,0,Individual,F,USA,California,Home,No,Agency,34,4,3,848152.02,282717.34,1045.8666666666668
C1180,1,Individual,F,Belgium,Brussels,Home,Yes,Website,30,2,4,1111089.24,277772.31,1050.5725
C1181,5,Individual,F,USA,Nevada,Investment,No,Website,69,5,3,743723.3099999999,247907.77,939.3299999999999
C1182,6,Individual,M,Germany,Bavaria,Investment,Yes,Website,64,3,4,1522183.38,380545.845,1269.065
C1183,5,Individual,M,USA,Arizona,Investment,No,Website,32,1,4,1364593.88,341148.47,1088.3825
C1184,1,Individual,M,France,Ile-de-France,Home,No,Website,72,2,3,500255.63,166751.87666666668,624.2366666666667
C1185,7,Individual,M,USA,California,Home,No,Website,25,3,4,1218570.99,304642.7475,1029.9125
C1186,1,Individual,F,USA,Nevada,Home,Yes,Website,47,3,3,1141153.96,380384.6533333333,1221.6766666666665
C1187,2,Individual,F,USA,Nevada,Home,No,Website,63,4,3,1097539.23,365846.41,1092.5066666666667
C1188,3,Individual,M,Canada,Alberta,Home,No,Client,30,1,4,1437535.25,359383.8125,1190.4075
C1189,3,Individual,M,USA,Florida,Home,Yes,Client,62,2,4,1180295.09,295073.7725,989.2175
C1190,3,Individual,F,USA,Texas,Home,No,Client,79,4,4,1358669.02,339667.255,1115.61
C1191,5,Individual,F,USA,California,Investment,No,Website,75,3,3,1095538.81,365179.60333333333,1357.1933333333334
C1192,7,Individual,M,USA,Florida,Home,No,Website,26,5,4,1111237.94,277809.485,941.135
C1193,2,Individual,F,UK,England,Home,No,Website,50,1,4,946796.24,236699.06,716.4525
C1194,2,Individual,F,USA,Colorado,Home,No,Website,82,1,3,1084957.53,361652.51,1263.8633333333335
C1195,8,Individual,F,USA,California,Home,Yes,Agency,35,4,4,1118238.91,279559.7275,910.925
C1196,0,Individual,M,USA,Nevada,Home,No,Agency,70,2,4,1731153.76,432788.44,1356.32
C1197,2,Individual,F,USA,Arizona,Home,No,Website,66,4,3,1439595.57,479865.19,1471.4466666666667
C1198,2,Individual,F,USA,New York,Home,No,Agency,65,1,3,1415391.5899999999,471797.1966666666,1493.243333333333
C1199,7,Individual,M,USA,Colorado,Home,No,Website,82,2,4,1013002.89,253250.7225,910.2925
C1200,0,Individual,M,USA,Utah,Home,No,Agency,56,4,4,1789601.3299999998,447400.33249999996,1422.9925
C1201,6,Individual,M,USA,Oregon,Investment,Yes,Website,25,1,4,1063833.91,265958.4775,896.2525
C1202,6,Company,M,Canada,Quebec,Investment,Yes,Website,40,5,4,1527115.1600000001,381778.79000000004,1263.775
C1203,1,Individual,F,USA,Arizona,Home,Yes,Website,63,2,3,1083378.55,361126.18333333335,1329.57
C1204,6,Individual,M,Mexico,Puebla,Investment,Yes,Website,33,2,3,1231356.24,410452.08,1280.28
C1205,7,Individual,M,Belgium,Flanders,Home,No,Website,66,4,3,968123.38,322707.79333333333,1076.69
C1206,5,Individual,F,USA,California,Investment,No,Website,68,5,3,941726.19,313908.73,1140.3999999999999
C1207,8,Individual,F,USA,Texas,Home,Yes,Agency,52,5,4,1084392.98,271098.245,1010.095
C1208,7,Individual,M,USA,Colorado,Home,No,Website,48,1,3,1277019.82,425673.2733333334,1477.03
C1209,1,Individual,F,USA,California,Home,Yes,Website,47,4,4,1201633.01,300408.2525,1123.3175
C1210,5,Individual,M,USA,California,Investment,No,Website,34,1,4,1146800.83,286700.2075,897.47
C1211,1,Individual,F,Canada,British Columbia,Home,Yes,Website,29,5,4,1447927.02,361981.755,1167.105
C1212,0,Individual,M,USA,California,Home,No,Agency,68,1,4,1052290.76,263072.69,904.0100000000001
C1213,2,Individual,F,Canada,Manitoba,Home,No,Website,32,5,3,829461.56,276487.1866666667,899.9899999999999
C1214,2,Individual,F,USA,Florida,Home,No,Agency,25,1,4,1725018.4100000001,431254.60250000004,1446.1125
C1215,7,Individual,M,USA,California,Home,No,Website,31,3,3,1140423.3800000001,380141.1266666667,1104.51
C1216,2,Individual,F,France,Normandy,Home,No,Website,28,4,3,1191384.37,397128.12333333335,1464.8466666666666
C1217,6,Individual,M,USA,California,Investment,Yes,Website,29,4,3,1007204.78,335734.9266666667,1186.4366666666667
C1218,1,Individual,F,USA,California,Home,Yes,Website,84,1,4,1308613.5699999998,327153.39249999996,1121.525
C1219,1,Individual,F,USA,Arizona,Home,Yes,Website,42,1,3,867409.27,289136.42333333334,1074.6233333333332
C1220,6,Individual,F,USA,Colorado,Investment,Yes,Website,58,4,4,1471199.75,367799.9375,1254.045
C1221,4,Individual,F,USA,Nevada,Investment,No,Agency,41,2,3,1354868.93,451622.9766666666,1565.3233333333335
C1222,7,Individual,M,USA,Utah,Home,No,Website,57,4,3,1319349.8599999999,439783.2866666666,1362.3833333333334
C1223,2,Individual,F,USA,Washington,Home,No,Website,73,4,3,1072582.78,357527.5933333333,1369.7300000000002
C1224,3,Individual,M,USA,New York,Investment,Yes,Client,83,5,3,827238.27,275746.09,964.2666666666665
C1225,7,Individual,M,USA,Oregon,Home,No,Website,35,2,3,1122587.7,374195.89999999997,1168.3366666666668
C1226,7,Individual,M,USA,Utah,Home,No,Website,36,4,3,972596.1300000001,324198.71,1082.8966666666668
C1227,8,Individual,M,USA,Colorado,Home,Yes,Agency,38,3,4,2151534.73,537883.6825,1676.3825
C1228,7,Individual,M,USA,California,Home,No,Website,71,2,3,1058718.77,352906.25666666665,1124.5
C1229,1,Individual,F,UK,Scotland,Home,Yes,Website,31,1,3,1185126.78,395042.26,1303.4733333333334
C1230,3,Individual,M,USA,California,Home,No,Client,40,5,3,759973.15,253324.38333333333,801.46
C1231,0,Individual,F,USA,California,Home,No,Agency,71,2,3,859705.1699999999,286568.38999999996,922.6666666666666
C1232,2,Individual,F,Canada,British Columbia,Home,No,Website,36,3,4,1527373.03,381843.2575,1173.8125
C1233,7,Individual,M,USA,Utah,Home,No,Website,46,4,3,936287.8,312095.93333333335,1078.7866666666666
C1234,5,Individual,F,USA,Colorado,Investment,No,Website,68,1,4,1463190.28,365797.57,1278.045
C1235,7,Individual,M,USA,Arizona,Home,No,Website,68,2,4,1271344.1099999999,317836.02749999997,1025.3225
C1236,1,Individual,M,USA,Arizona,Home,Yes,Website,53,4,4,1747766.02,436941.505,1415.4825
C1237,6,Individual,F,UK,Wales,Investment,Yes,Website,82,4,3,688233.74,229411.24666666667,775.5666666666666
C1238,8,Individual,M,USA,Nevada,Home,Yes,Agency,79,1,4,1648873.57,412218.3925,1343.6575
C1239,0,Individual,F,USA,Oregon,Home,No,Agency,72,3,4,1457041.08,364260.27,1114.2125
C1240,6,Individual,F,USA,Nevada,Investment,Yes,Website,41,4,3,1018594.4400000001,339531.48000000004,1104.51
C1241,0,Individual,F,USA,California,Home,No,Agency,52,1,4,1157084.5899999999,289271.14749999996,948.835
C1242,1,Individual,M,USA,California,Home,Yes,Website,64,3,3,1055842.78,351947.5933333333,1138.4233333333334
C1243,7,Individual,M,USA,Colorado,Home,No,Website,77,1,4,1419502.04,354875.51,1246.6175
C1244,6,Individual,M,USA,Utah,Investment,Yes,Website,33,5,3,1438309.93,479436.6433333333,1513.17
C1245,8,Individual,M,USA,California,Home,Yes,Agency,62,3,3,1422519.51,474173.17,1529.4633333333334
C1246,0,Individual,F,Canada,Alberta,Home,No,Agency,82,2,3,859984.47,286661.49,980.8699999999999
C1247,5,Individual,F,USA,Nevada,Investment,No,Website,68,2,4,1774416.3199999998,443604.07999999996,1489.73
C1248,0,Individual,F,USA,Arizona,Home,No,Agency,49,3,3,786895.89,262298.63,899.62
C1249,5,Individual,F,USA,California,Investment,No,Website,54,1,4,1289938.6400000001,322484.66000000003,1146.0149999999999
C1250,0,Individual,M,USA,Nevada,Home,No,Agency,75,5,3,1582661.61,527553.87,1674.54
C1251,5,Individual,M,USA,Texas,Investment,No,Website,50,5,4,1246714.37,311678.5925,967.0
C1252,1,Individual,F,USA,Arizona,Home,Yes,Website,63,3,3,1137673.55,379224.51666666666,1221.6766666666665
C1253,0,Individual,M,USA,California,Home,No,Agency,34,2,3,767162.2200000001,255720.74000000002,814.3533333333334
C1254,8,Individual,M,USA,California,Home,Yes,Agency,69,5,4,1604050.8800000001,401012.72000000003,1279.9
C1255,0,Individual,M,USA,California,Home,No,Agency,26,3,4,1105130.19,276282.5475,942.035
C1256,4,Company,F,USA,California,Investment,No,Agency,53,4,3,1227293.02,409097.67333333334,1357.1933333333334
C1257,8,Individual,M,USA,California,Home,Yes,Agency,34,5,3,850550.13,283516.71,893.3766666666667
C1258,2,Individual,F,USA,Nevada,Home,No,Website,56,1,4,1015636.19,253909.0475,821.355
C1259,6,Individual,M,USA,California,Investment,Yes,Agency,54,3,4,1256766.51,314191.6275,1004.1575
C1260,2,Individual,F,USA,California,Home,No,Agency,33,2,4,1633449.34,408362.335,1423.1725
C1261,3,Individual,M,USA,Utah,Home,No,Client,49,3,3,1491163.72,497054.5733333333,1504.28
C1262,4,Individual,F,USA,California,Investment,No,Agency,75,4,3,961425.37,320475.12333333335,1077.3233333333335
C1263,4,Individual,M,USA,California,Investment,No,Agency,74,3,4,1975384.2000000002,493846.05000000005,1602.67
C1264,4,Individual,F,USA,California,Investment,No,Agency,26,1,3,1287173.46,429057.82,1452.2633333333333
C1265,8,Individual,M,USA,Washington,Home,Yes,Agency,82,1,3,1070432.96,356810.98666666663,1325.71
C1266,7,Individual,M,UK,England,Home,No,Website,73,2,4,1204291.73,301072.9325,1101.9875
C1267,1,Individual,F,USA,Colorado,Home,Yes,Website,60,3,3,1399933.8800000001,466644.6266666667,1529.4633333333334
C1268,6,Individual,F,UK,Northern Ireland,Investment,Yes,Website,30,1,3,968928.25,322976.0833333333,1003.3133333333334
C1269,7,Individual,M,USA,California,Home,No,Website,61,5,3,1046535.0,348845.0,1169.0466666666669
C1270,2,Individual,F,USA,Texas,Home,No,Agency,47,4,3,1310435.53,436811.8433333333,1465.92
C1271,8,Individual,M,USA,California,Home,Yes,Agency,33,2,4,1296911.85,324227.9625,1040.5175
C1272,1,Individual,M,France,Occitanie,Home,Yes,Website,84,1,3,778830.7999999999,259610.26666666663,899.62
C1273,7,Individual,M,Canada,Alberta,Home,No,Website,57,5,3,1462080.32,487360.1066666667,1592.1233333333332
C1274,6,Individual,F,USA,California,Investment,Yes,Website,46,1,3,1038831.8500000001,346277.2833333334,1193.7733333333333
C1275,5,Individual,F,USA,Georgia,Investment,No,Website,56,1,4,1737593.0,434398.25,1312.8225
C1276,8,Individual,M,Australia,Victoria,Home,Yes,Agency,85,1,3,1635917.97,545305.99,1754.9366666666667
C1277,4,Individual,F,USA,California,Investment,No,Agency,44,2,3,1270250.68,423416.8933333333,1267.4066666666668
C1278,7,Individual,M,USA,Utah,Home,No,Website,28,4,3,685587.81,228529.27000000002,791.0400000000001
C1279,1,Individual,M,USA,California,Home,Yes,Website,82,4,3,1278123.59,426041.1966666667,1366.5633333333335
C1280,1,Individual,M,USA,Texas,Home,Yes,Website,72,2,3,1295836.68,431945.56,1445.2933333333333
C1281,6,Individual,F,Canada,Manitoba,Investment,Yes,Website,27,2,3,889312.14,296437.38,899.9899999999999
C1282,6,Individual,F,USA,Colorado,Investment,Yes,Agency,29,3,4,1302998.6,325749.65,1155.47
C1283,0,Individual,F,USA,New York,Home,No,Agency,80,3,4,1479050.94,369762.735,1185.59
C1284,7,Individual,M,USA,California,Home,No,Website,70,2,4,1443865.51,360966.3775,1111.6475
C1285,1,Individual,M,USA,Utah,Home,Yes,Website,71,4,3,1609592.58,536530.86,1680.5266666666666
C1286,0,Individual,M,USA,California,Home,No,Agency,62,5,3,1203306.91,401102.3033333333,1192.5933333333332
C1287,5,Individual,F,USA,California,Investment,No,Website,27,4,3,843581.37,281193.79,901.6266666666667
C1288,0,Individual,M,Belgium,Wallonia,Home,No,Agency,85,3,3,971136.6900000001,323712.23000000004,1155.4633333333334
C1289,6,Individual,M,Mexico,Jalisco,Investment,Yes,Agency,52,1,4,1076161.8599999999,269040.46499999997,854.58
C1290,1,Individual,F,USA,Washington,Home,Yes,Website,52,3,4,1332432.9100000001,333108.22750000004,1195.1875
C1291,6,Individual,M,USA,California,Investment,Yes,Website,42,5,3,1123403.46,374467.82,1240.6066666666666
C1292,6,Individual,M,USA,Texas,Investment,Yes,Website,48,5,4,1099365.94,274841.485,1000.415
C1293,2,Individual,F,USA,California,Home,No,Agency,53,1,4,1853570.08,463392.52,1552.15
C1294,6,Individual,M,Canada,Ontario,Investment,Yes,Agency,62,3,3,1220533.28,406844.4266666667,1371.6133333333335
C1295,6,Individual,F,USA,California,Investment,Yes,Website,33,1,4,1478836.57,369709.1425,1202.2649999999999
C1296,7,Individual,M,USA,Virginia,Home,No,Website,62,1,3,1025127.71,341709.23666666663,1089.46
C1297,7,Company,M,Germany,Berlin,Home,No,Website,42,5,3,1169866.19,389955.39666666667,1267.4066666666668
C1298,0,Individual,F,USA,California,Home,No,Agency,57,2,4,1571360.11,392840.0275,1276.8225
C1299,5,Individual,F,USA,California,Investment,No,Website,81,3,3,1296600.42,432200.13999999996,1440.1933333333334
C1300,2,Individual,F,USA,California,Home,No,Website,65,2,3,1428770.88,476256.95999999996,1451.5366666666669
C1301,0,Individual,M,USA,Virginia,Home,No,Agency,70,2,3,742139.88,247379.96,851.8699999999999
C1302,5,Individual,M,USA,Arizona,Investment,No,Website,29,5,4,1709532.6,427383.15,1486.3274999999999
C1303,1,Individual,M,USA,Arizona,Home,Yes,Website,63,3,3,979418.98,326472.99333333335,1106.3533333333332
C1304,5,Individual,F,USA,California,Investment,No,Website,40,1,3,965747.81,321915.9366666667,1049.3799999999999
C1305,2,Individual,F,USA,Georgia,Home,No,Website,47,4,4,1034190.9,258547.725,853.07
C1306,2,Individual,F,USA,Washington,Home,No,Website,77,5,3,967094.76,322364.92,1090.7733333333333
C1307,0,Individual,F,USA,Colorado,Home,No,Agency,32,5,3,920439.02,306813.00666666665,1012.96
C1308,4,Individual,M,USA,California,Investment,No,Agency,25,5,4,1363559.13,340889.7825,1042.1975
C1309,7,Individual,M,USA,California,Home,No,Website,26,5,3,1460171.4100000001,486723.8033333334,1674.54
C1310,0,Individual,F,USA,New York,Home,No,Agency,70,5,4,1244334.1400000001,311083.53500000003,1077.195
C1311,3,Individual,M,UK,England,Home,Yes,Client,85,4,3,1352275.6400000001,450758.5466666667,1330.2166666666667
C1312,7,Individual,M,USA,New York,Home,No,Website,83,5,3,786877.06,262292.35333333333,801.46
C1313,5,Individual,F,Australia,Western Australia,Investment,No,Website,53,3,3,997579.61,332526.5366666667,1138.4233333333334
C1314,2,Individual,F,USA,Arizona,Home,No,Website,61,3,3,803329.23,267776.41,1037.11
C1315,0,Individual,M,USA,Colorado,Home,No,Agency,77,3,3,1066308.48,355436.16,1136.21
C1316,1,Individual,F,USA,Colorado,Home,Yes,Website,32,2,4,1238162.97,309540.7425,1052.8325
C1317,1,Company,M,USA,Utah,Home,Yes,Website,52,2,3,1315200.12,438400.04000000004,1460.493333333333
C1318,7,Individual,M,USA,Texas,Home,No,Website,83,1,4,1423923.98,355980.995,1169.615
C1319,3,Individual,F,USA,Florida,Home,Yes,Client,71,3,4,1424704.13,356176.0325,1227.645
C1320,5,Individual,M,USA,California,Investment,No,Website,56,1,3,1077693.04,359231.01333333337,1129.1766666666665
C1321,3,Individual,M,USA,Colorado,Investment,No,Client,35,5,3,787847.37,262615.79,853.8133333333334
C1322,0,Individual,F,USA,California,Home,No,Agency,31,5,3,1094026.3399999999,364675.4466666666,1255.1200000000001
C1323,7,Individual,M,USA,Utah,Home,No,Website,62,3,4,1180654.6,295163.65,975.4225
C1324,6,Individual,M,USA,Arizona,Investment,Yes,Agency,33,2,3,1323306.51,441102.17,1471.6200000000001
C1325,8,Individual,M,Canada,Alberta,Home,Yes,Agency,51,5,4,1380292.56,345073.14,1098.1675
C1326,5,Individual,M,USA,Colorado,Investment,No,Website,81,4,4,1489578.01,372394.5025,1239.145
C1327,1,Individual,F,USA,California,Home,Yes,Website,32,4,3,664017.81,221339.27000000002,775.5666666666666
C1328,2,Individual,F,USA,Washington,Home,No,Website,69,4,4,1337283.29,334320.8225,1173.8125
C1329,6,Individual,M,USA,California,Investment,Yes,Agency,57,3,3,1041797.56,347265.85333333333,1127.1499999999999
C1330,4,Individual,F,USA,Colorado,Investment,No,Agency,50,2,4,835096.87,208774.2175,699.545
C1331,4,Individual,F,USA,California,Investment,No,Agency,39,1,3,1047958.11,349319.37,1113.29
C1332,6,Individual,M,USA,Washington,Investment,Yes,Agency,30,5,3,1227353.63,409117.87666666665,1350.4933333333333
C1333,6,Individual,M,USA,Nevada,Investment,Yes,Website,37,2,4,1364310.45,341077.6125,1146.9925
C1334,8,Individual,F,USA,California,Home,Yes,Agency,60,5,4,1906641.78,476660.445,1552.15
C1335,6,Individual,F,USA,Oregon,Investment,Yes,Website,43,2,3,1001510.5800000001,333836.86000000004,1070.1933333333334
C1336,3,Individual,F,USA,California,Home,No,Client,77,5,4,1371591.4,342897.85,1182.3725
C1337,5,Individual,F,USA,California,Investment,No,Website,72,5,4,1310989.71,327747.4275,1073.905
C1338,1,Individual,F,USA,California,Home,Yes,Website,57,2,3,1096818.64,365606.2133333333,1169.0466666666669
C1339,1,Company,M,USA,Nevada,Home,Yes,Website,64,4,4,1532340.63,383085.1575,1338.9
C1340,7,Company,M,USA,Colorado,Home,No,Website,37,5,4,1746049.93,436512.4825,1421.4650000000001
C1341,1,Individual,F,USA,Colorado,Home,Yes,Website,73,5,3,756694.8300000001,252231.61000000002,952.2633333333333
C1342,8,Individual,F,USA,California,Home,Yes,Agency,61,1,3,922722.19,307574.0633333333,1003.3133333333334
C1343,0,Individual,F,Canada,Ontario,Home,No,Agency,30,5,3,1005148.6399999999,335049.54666666663,1161.5433333333333
C1344,0,Individual,M,USA,Florida,Home,No,Agency,51,1,4,1319490.92,329872.73,1139.4675
C1345,2,Individual,F,USA,Texas,Home,No,Website,69,5,3,942467.41,314155.80333333334,1049.3066666666666
C1346,4,Company,F,USA,Colorado,Investment,No,Agency,38,4,3,1037623.3900000001,345874.4633333334,1088.5866666666668
C1347,3,Individual,M,USA,Washington,Home,No,Client,69,2,3,1001705.48,333901.82666666666,1090.9466666666667
C1348,3,Individual,M,USA,Oregon,Home,Yes,Client,27,4,3,1021309.9299999999,340436.6433333333,1186.05
C1349,5,Individual,F,USA,Virginia,Investment,No,Website,43,3,3,773186.34,257728.78,952.0733333333334
C1350,2,Individual,F,Germany,Hamburg,Home,No,Website,34,5,4,743296.88,185824.22,632.215
C1351,3,Individual,F,Australia,South Australia,Home,No,Client,38,2,4,1400457.41,350114.3525,1234.8075000000001
C1352,8,Individual,M,USA,California,Home,Yes,Agency,36,2,3,1535963.18,511987.7266666666,1635.6233333333332
C1353,0,Individual,F,Canada,Alberta,Home,No,Agency,28,1,3,532598.24,177532.74666666667,564.01
C1354,7,Individual,M,USA,Florida,Home,No,Website,84,5,3,1545799.94,515266.64666666667,1685.2766666666666
C1355,3,Individual,F,USA,California,Investment,Yes,Client,59,2,3,1245446.7799999998,415148.9266666666,1523.6933333333334
C1356,4,Individual,M,USA,Oregon,Investment,No,Agency,31,4,3,1490237.62,496745.87333333335,1648.5966666666666
C1357,1,Individual,F,USA,California,Home,Yes,Website,38,5,3,1077383.54,359127.8466666667,1104.51
C1358,0,Individual,M,USA,Texas,Home,No,Agency,83,4,3,965180.83,321726.9433333333,1078.7866666666666
C1359,0,Individual,M,USA,Virginia,Home,No,Agency,50,3,4,1381335.3,345333.825,1093.05
C1360,0,Individual,M,USA,Virginia,Home,No,Agency,35,4,3,1001006.54,333668.8466666667,1111.2966666666666
C1361,3,Individual,F,USA,California,Home,No,Client,82,3,4,1529260.3,382315.075,1296.5625
C1362,6,Individual,F,USA,California,Investment,Yes,Agency,60,1,4,993131.84,248282.96,894.905
C1363,8,Individual,M,USA,Georgia,Home,Yes,Agency,44,5,4,1109919.3599999999,277479.83999999997,942.035
C1364,5,Individual,F,USA,California,Investment,No,Website,27,1,4,1201578.93,300394.7325,1120.62
C1365,6,Individual,F,Belgium,Brussels,Investment,Yes,Website,56,5,4,1443894.02,360973.505,1260.0625
C1366,7,Individual,M,USA,California,Home,No,Website,30,1,3,1488525.13,496175.0433333333,1678.6133333333335
C1367,3,Individual,F,Germany,Berlin,Home,No,Client,73,2,3,1035889.5,345296.5,1124.5
C1368,3,Individual,M,USA,California,Home,Yes,Client,78,5,4,1378979.49,344744.8725,1042.6625
C1369,8,Individual,M,France,Brittany,Home,Yes,Agency,42,4,4,1615394.12,403848.53,1338.9
C1370,4,Individual,M,USA,Colorado,Investment,No,Agency,60,1,4,834659.23,208664.8075,700.7825
C1371,1,Individual,M,UK,England,Home,Yes,Website,36,2,4,1036681.19,259170.2975,948.835
C1372,5,Individual,F,USA,Washington,Investment,No,Website,44,2,3,874872.8,291624.26666666666,1049.3066666666666
C1373,1,Individual,F,USA,California,Home,Yes,Website,33,3,3,1275663.27,425221.09,1221.6766666666665
C1374,8,Company,M,France,Ile-de-France,Home,Yes,Agency,35,3,3,1230590.28,410196.76,1321.5233333333333
C1375,6,Individual,F,USA,California,Investment,Yes,Agency,53,4,4,1097182.3900000001,274295.59750000003,987.505
C1376,6,Individual,F,USA,Arizona,Investment,Yes,Agency,38,3,3,1272387.2999999998,424129.0999999999,1493.243333333333
C1377,5,Individual,F,USA,Utah,Investment,No,Website,42,2,3,828441.4099999999,276147.13666666666,862.1066666666666
C1378,5,Individual,F,USA,California,Investment,No,Website,49,1,3,1399739.87,466579.9566666667,1464.8466666666666
C1379,7,Individual,M,UK,Scotland,Home,No,Website,55,2,3,827767.69,275922.5633333333,1077.3233333333335
C1380,5,Individual,M,Canada,Alberta,Investment,No,Website,76,4,3,1012542.1799999999,337514.06,1052.4533333333334
C1381,1,Individual,M,Germany,Hesse,Home,Yes,Website,63,3,3,1082639.9100000001,360879.97000000003,1131.0966666666666
C1382,7,Individual,M,USA,Oregon,Home,No,Website,74,2,4,1176910.13,294227.5325,1024.3375
C1383,0,Individual,M,USA,California,Home,No,Agency,33,2,3,864768.8300000001,288256.2766666667,899.9899999999999
C1384,8,Individual,F,USA,California,Home,Yes,Agency,37,2,3,905480.04,301826.68,1016.7633333333333
C1385,0,Individual,M,USA,California,Home,No,Agency,79,1,3,1182983.03,394327.6766666667,1186.4366666666667
C1386,1,Individual,M,USA,Washington,Home,Yes,Website,78,4,3,1284366.78,428122.26,1431.79
C1387,5,Individual,M,Germany,Hamburg,Investment,No,Website,82,4,3,804550.47,268183.49,901.6266666666667
C1388,2,Individual,F,USA,Washington,Home,No,Website,26,3,3,1183031.06,394343.6866666667,1283.46
C1389,7,Individual,M,UK,Scotland,Home,No,Website,73,2,4,1742522.83,435630.7075,1282.79
C1390,2,Individual,F,USA,Nevada,Home,No,Website,46,3,3,906492.19,302164.0633333333,971.1899999999999
C1391,2,Individual,F,USA,Utah,Home,No,Website,51,1,4,1579627.98,394906.995,1343.6575
C1392,8,Individual,M,USA,Colorado,Home,Yes,Agency,35,4,4,1434978.2000000002,358744.55000000005,1125.5149999999999
C1393,4,Individual,F,Mexico,Baja California,Investment,No,Agency,44,1,4,1187799.99,296949.9975,1027.325
C1394,2,Individual,F,USA,Nevada,Home,No,Website,48,4,4,1325404.6,331351.15,967.0
C1395,5,Individual,F,Canada,Alberta,Investment,No,Website,37,4,4,1497964.92,374491.23,1278.045
C1396,6,Individual,M,Canada,Manitoba,Investment,Yes,Website,54,3,3,977070.1199999999,325690.04,1075.8333333333333
C1397,2,Individual,F,USA,Nevada,Home,No,Website,42,4,4,1551369.83,387842.4575,1175.235
C1398,1,Individual,M,USA,California,Home,Yes,Website,59,5,3,926545.71,308848.57,1182.08
C1399,0,Individual,F,Canada,British Columbia,Home,No,Agency,47,5,4,1259614.96,314903.74,1061.1325
C1400,3,Individual,F,UK,Northern Ireland,Home,No,Client,34,4,4,1146194.54,286548.635,939.4875
C1401,5,Individual,F,USA,Virginia,Investment,No,Website,26,1,4,1223523.71,305880.9275,1005.5625
C1402,0,Individual,F,USA,Utah,Home,No,Agency,57,3,4,1394159.93,348539.9825,1132.7375
C1403,2,Individual,F,USA,Oregon,Home,No,Website,42,2,4,1463350.69,365837.6725,1210.7375000000002
C1404,0,Individual,F,USA,California,Home,No,Agency,75,4,4,1193678.04,298419.51,1024.3375
C1405,0,Individual,M,USA,Oregon,Home,No,Agency,70,5,3,1306722.3599999999,435574.11999999994,1438.2933333333333
C1406,2,Individual,F,USA,California,Home,No,Website,55,3,4,1364413.45,341103.3625,1151.6100000000001
C1407,0,Individual,F,USA,California,Home,No,Agency,69,1,4,1429717.0899999999,357429.27249999996,1123.3175
C1408,0,Company,F,USA,California,Home,No,Agency,62,2,4,1345035.74,336258.935,1103.3025
C1409,5,Individual,F,USA,Oregon,Investment,No,Website,68,2,3,1072801.12,357600.37333333335,1117.9399999999998
C1410,0,Individual,F,USA,Nevada,Home,No,Agency,60,2,4,1439196.49,359799.1225,1164.0149999999999
C1411,3,Individual,M,USA,California,Home,No,Client,38,2,4,1318823.1600000001,329705.79000000004,1099.4925
C1412,0,Company,F,USA,Nevada,Home,No,Agency,40,2,4,1498125.2,374531.3,1158.7275
C1413,0,Individual,F,USA,California,Home,No,Agency,57,4,4,1489065.1600000001,372266.29000000004,1425.7675
C1414,2,Individual,F,USA,Florida,Home,No,Website,50,4,4,1188718.7,297179.675,972.335
C1415,5,Individual,M,USA,California,Investment,No,Website,66,1,3,748797.26,249599.08666666667,879.3433333333332
C1416,0,Individual,M,USA,Oregon,Home,No,Agency,71,2,3,1418066.3900000001,472688.7966666667,1452.2633333333333
C1417,7,Individual,M,UK,Scotland,Home,No,Website,72,5,3,1023021.48,341007.16,1066.59
C1418,5,Individual,M,USA,Ohio,Investment,No,Website,71,2,3,1443234.8900000001,481078.2966666667,1529.4633333333334
C1419,6,Individual,M,Germany,Hamburg,Investment,Yes,Website,54,4,4,1143605.72,285901.43,928.745
C1420,7,Company,M,UK,Wales,Home,No,Website,44,5,4,1196856.69,299214.1725,929.6975
C1421,7,Individual,M,USA,Colorado,Home,No,Website,68,1,3,938557.1900000001,312852.39666666667,1098.0666666666666
C1422,6,Individual,M,USA,Florida,Investment,Yes,Website,71,1,4,2032565.11,508141.2775,1555.2975000000001
C1423,1,Individual,M,UK,Northern Ireland,Home,Yes,Website,70,4,4,1822778.3599999999,455694.58999999997,1504.0974999999999
C1424,8,Individual,F,USA,Utah,Home,Yes,Agency,71,2,3,1382756.57,460918.8566666667,1465.1466666666665
C1425,7,Individual,M,Belgium,Flanders,Home,No,Website,54,3,3,1449563.3199999998,483187.77333333326,1521.64
C1426,2,Individual,F,USA,Washington,Home,No,Website,61,2,4,1709098.18,427274.545,1510.65
C1427,2,Individual,F,Australia,Victoria,Home,No,Website,70,5,4,1378636.21,344659.0525,1184.9475
C1428,8,Individual,F,USA,Oregon,Home,Yes,Agency,72,4,4,1136052.54,284013.135,946.6525
C1429,4,Individual,M,USA,Nevada,Investment,No,Agency,34,5,4,1697550.01,424387.5025,1421.4650000000001
C1430,7,Individual,M,USA,Nevada,Home,No,Website,62,4,3,928463.2,309487.73333333334,1022.67
C1431,1,Individual,F,Germany,Hesse,Home,Yes,Website,82,3,4,1620159.73,405039.9325,1365.9450000000002
C1432,0,Individual,M,USA,Utah,Home,No,Agency,74,3,3,863383.74,287794.58,1033.6200000000001
C1433,7,Individual,M,Germany,Hamburg,Home,No,Website,72,4,3,1358111.0699999998,452703.68999999994,1493.243333333333
C1434,4,Company,F,USA,California,Investment,No,Agency,40,5,4,1038640.05,259660.0125,894.905
C1435,4,Individual,M,USA,Texas,Investment,No,Agency,58,2,3,903765.87,301255.29,945.65
C1436,7,Individual,M,USA,California,Home,No,Website,27,2,3,969917.19,323305.73,992.2199999999999
C1437,4,Individual,M,USA,Arizona,Investment,No,Agency,28,5,4,1668948.58,417237.145,1332.2825
C1438,8,Individual,M,USA,California,Home,Yes,Agency,37,2,3,1255115.0,418371.6666666667,1321.5033333333333
C1439,0,Individual,F,USA,Virginia,Home,No,Agency,25,2,3,1040682.81,346894.27,1138.4233333333334
C1440,4,Individual,F,USA,Colorado,Investment,No,Agency,73,2,3,901013.4199999999,300337.80666666664,1010.5300000000001
C1441,5,Individual,F,USA,California,Investment,No,Website,80,5,3,1201777.78,400592.5933333333,1334.84
C1442,3,Individual,M,USA,Colorado,Home,Yes,Client,25,2,3,1007348.75,335782.9166666667,1110.6233333333332
C1443,2,Individual,F,USA,Florida,Home,No,Website,46,2,3,1045348.1100000001,348449.37000000005,1072.4833333333333
C1444,7,Individual,M,USA,Colorado,Home,No,Website,44,3,3,1089631.7,363210.56666666665,1186.05
C1445,7,Individual,M,USA,Florida,Home,No,Website,37,5,4,1249138.91,312284.7275,976.9675
C1446,2,Individual,F,USA,Ohio,Home,No,Website,74,4,4,1550820.49,387705.1225,1385.6475
C1447,3,Individual,F,USA,Nevada,Investment,Yes,Client,53,4,4,1372408.9,343102.225,1151.37
C1448,7,Individual,M,Russia,Tatarstan,Home,No,Website,66,1,4,1221304.62,305326.155,984.9525
C1449,5,Individual,F,USA,California,Investment,No,Website,26,5,3,1110557.49,370185.83,1221.6766666666665
C1450,2,Individual,F,USA,Virginia,Home,No,Website,29,5,3,1028509.6,342836.5333333333,1037.5833333333333
C1451,2,Individual,F,USA,California,Home,No,Website,42,1,4,1529673.3199999998,382418.32999999996,1259.875
C1452,3,Individual,F,Belgium,Wallonia,Home,No,Client,32,3,3,1320005.77,440001.92333333334,1487.6599999999999
C1453,0,Individual,M,USA,California,Home,No,Agency,44,2,3,1145044.9,381681.6333333333,1243.8233333333333
C1454,3,Individual,F,USA,California,Investment,No,Client,77,1,3,1188825.44,396275.14666666667,1321.5033333333333
C1455,8,Individual,F,USA,Colorado,Home,Yes,Agency,36,3,3,985992.4299999999,328664.1433333333,983.4266666666667
C1456,6,Company,F,USA,Oregon,Investment,Yes,Website,33,1,4,1598853.55,399713.3875,1313.38
C1457,8,Individual,F,USA,California,Home,Yes,Agency,76,3,4,1537205.06,384301.265,1227.17
C1458,7,Individual,M,USA,Arizona,Home,No,Website,75,1,3,917921.54,305973.8466666667,979.0866666666667
C1459,7,Individual,M,USA,Arizona,Home,No,Website,76,5,4,1556253.48,389063.37,1385.6475
C1460,8,Individual,F,UK,England,Home,Yes,Agency,53,1,4,1569390.69,392347.6725,1294.645
C1461,2,Individual,F,USA,California,Home,No,Website,82,5,4,1507966.87,376991.7175,1294.645
C1462,4,Individual,F,Germany,Hamburg,Investment,No,Agency,41,3,4,1220331.12,305082.78,956.6725
C1463,1,Individual,M,USA,California,Home,Yes,Website,82,2,4,1639044.0,409761.0,1386.5875
C1464,7,Individual,M,USA,Arizona,Home,No,Website,85,1,3,1094818.68,364939.56,1086.24
C1465,1,Individual,M,USA,Ohio,Home,Yes,Website,35,3,3,1312191.47,437397.1566666667,1457.8333333333333
C1466,5,Individual,F,Belgium,Flanders,Investment,No,Website,26,2,4,1387827.15,346956.7875,1053.27
C1467,3,Individual,F,USA,California,Home,No,Client,74,5,3,761353.26,253784.42,849.6366666666667
C1468,7,Individual,M,Canada,Manitoba,Home,No,Website,85,3,3,1072452.07,357484.0233333334,1185.3533333333332
C1469,7,Individual,M,USA,Colorado,Home,No,Website,55,1,3,1512121.6400000001,504040.5466666667,1538.7766666666666
C1470,6,Individual,M,USA,Colorado,Investment,Yes,Agency,85,3,3,1440682.21,480227.4033333333,1590.8633333333335
C1471,1,Individual,F,UK,Northern Ireland,Home,Yes,Website,85,1,4,1048588.76,262147.19,801.0649999999999
C1472,7,Individual,M,USA,Washington,Home,No,Website,34,1,4,1610320.87,402580.2175,1237.1025
C1473,0,Individual,F,USA,California,Home,No,Agency,51,2,4,1415300.74,353825.185,1009.23
C1474,7,Individual,M,USA,Oregon,Home,No,Website,56,3,4,1563434.47,390858.6175,1307.3
C1475,8,Individual,M,Mexico,Jalisco,Home,Yes,Agency,81,4,4,1579186.25,394796.5625,1287.055
C1476,0,Individual,M,USA,Nevada,Home,No,Agency,25,1,4,1505369.42,376342.355,1141.225
C1477,4,Company,F,USA,California,Investment,No,Agency,57,1,4,1051466.92,262866.73,920.7075
C1478,4,Individual,F,Canada,British Columbia,Investment,No,Agency,67,1,3,965772.74,321924.24666666664,1082.8966666666668
C1479,5,Individual,M,USA,California,Investment,No,Website,57,1,4,1275455.51,318863.8775,1018.5225
C1480,3,Individual,F,USA,Virginia,Investment,No,Client,40,3,4,1466467.79,366616.9475,1220.42
C1481,5,Company,F,USA,Arizona,Investment,No,Website,41,3,4,1059700.8800000001,264925.22000000003,901.245
C1482,1,Individual,F,USA,Oregon,Home,Yes,Website,72,2,4,1665015.1700000002,416253.79250000004,1312.8225
C1483,8,Individual,M,USA,Colorado,Home,Yes,Agency,50,3,4,1831769.62,457942.405,1486.3274999999999
C1484,3,Individual,F,USA,Colorado,Home,No,Client,54,3,4,1117191.81,279297.9525,995.0275
C1485,5,Individual,F,USA,Washington,Investment,No,Website,41,4,4,1604885.52,401221.38,1350.2175
C1486,1,Individual,F,UK,Wales,Home,Yes,Website,29,5,3,1019385.69,339795.23,1156.5633333333333
C1487,0,Individual,F,USA,New York,Home,No,Agency,60,3,4,1553533.51,388383.3775,1294.645
C1488,5,Individual,M,USA,Florida,Investment,No,Website,50,2,3,1029238.79,343079.5966666667,1140.1866666666667
C1489,0,Individual,F,USA,Arizona,Home,No,Agency,74,5,3,1056549.47,352183.1566666667,1240.6066666666666
C1490,3,Individual,M,UK,Wales,Investment,Yes,Client,31,5,3,861119.76,287039.92,939.3299999999999
C1491,0,Individual,F,USA,Georgia,Home,No,Agency,28,4,4,1056750.03,264187.5075,901.245
C1492,2,Individual,F,Germany,Bavaria,Home,No,Agency,41,2,3,1309655.49,436551.83,1579.3133333333335
C1493,8,Individual,M,USA,Washington,Home,Yes,Agency,33,4,3,864605.61,288201.87,1037.11
C1494,3,Individual,M,USA,New York,Home,No,Client,29,1,3,913338.07,304446.0233333333,934.8733333333333
C1495,7,Individual,M,Denmark,Capital Region,Home,No,Website,34,1,4,2059292.68,514823.17,1591.4724999999999
C1496,0,Individual,M,USA,Florida,Home,No,Agency,39,5,3,1119013.6099999999,373004.5366666666,1151.5466666666669
C1497,4,Individual,M,USA,California,Investment,No,Agency,86,4,3,794765.34,264921.77999999997,880.66
C1498,5,Individual,F,Mexico,Puebla,Investment,No,Website,58,5,4,1142631.83,285657.9575,889.8725000000001
C1499,8,Individual,F,Russia,Saint Petersburg,Home,Yes,Agency,28,3,3,1321905.54,440635.18,1523.6933333333334
C1500,0,Individual,F,Australia,Victoria,Home,No,Agency,31,2,4,1020299.92,255074.98,841.385
C1501,4,Individual,F,USA,Oregon,Investment,No,Agency,74,4,3,761279.08,253759.69333333333,851.4266666666667
C1502,1,Individual,F,UK,Wales,Home,Yes,Website,31,5,4,1045772.34,261443.085,911.0425
C1503,5,Company,M,USA,Arizona,Investment,No,Website,39,5,4,1299971.48,324992.87,1050.5725
C1504,7,Individual,M,USA,California,Home,No,Website,79,4,3,871805.96,290601.98666666663,979.0866666666667
C1505,0,Individual,M,USA,Virginia,Home,No,Agency,31,3,4,1012922.06,253230.515,799.9225
C1506,5,Individual,M,USA,Utah,Investment,No,Website,76,3,3,1010109.4,336703.13333333336,1155.4633333333334
C1507,0,Individual,F,USA,Florida,Home,No,Agency,74,3,4,1499666.44,374916.61,1220.915
C1508,0,Individual,M,UK,Scotland,Home,No,Agency,31,3,4,965283.79,241320.9475,783.64
C1509,2,Individual,F,USA,California,Home,No,Website,79,3,4,1821912.8699999999,455478.21749999997,1482.5875
C1510,0,Company,M,USA,California,Home,No,Agency,63,5,3,804243.22,268081.0733333333,842.68
C1511,1,Individual,F,France,Provence,Home,Yes,Website,36,2,3,1093080.8599999999,364360.2866666666,1152.6466666666668
C1512,3,Individual,F,USA,Nevada,Home,Yes,Client,70,4,4,1209056.95,302264.2375,1046.42
C1513,2,Individual,F,USA,Florida,Home,No,Website,30,2,3,1452266.37,484088.79000000004,1538.7766666666666
C1514,2,Individual,F,USA,New York,Home,No,Website,39,4,3,1211908.53,403969.51,1386.32
C1515,5,Individual,F,USA,Nevada,Investment,No,Website,79,5,4,1433703.52,358425.88,1227.17
C1516,2,Individual,F,USA,Texas,Home,No,Website,72,4,3,690456.91,230152.30333333334,801.46
C1517,4,Individual,M,USA,California,Investment,No,Agency,47,2,4,1328693.42,332173.355,1076.59
C1518,8,Individual,F,Australia,Victoria,Home,Yes,Agency,31,5,4,961942.8799999999,240485.71999999997,886.4275
C1519,0,Individual,M,USA,California,Home,No,Agency,53,1,4,1366990.1300000001,341747.53250000003,1072.9850000000001
C1520,7,Individual,M,USA,Utah,Home,No,Website,80,1,4,1425469.02,356367.255,1187.8925
C1521,0,Individual,M,USA,Nevada,Home,No,Agency,52,4,3,913579.4099999999,304526.47,1032.28
C1522,2,Individual,F,USA,Washington,Home,No,Website,61,5,4,1598304.98,399576.245,1378.985
C1523,5,Company,M,Australia,Victoria,Investment,No,Website,44,3,4,1652083.92,413020.98,1334.8775
C1524,3,Individual,M,USA,Virginia,Home,No,Client,58,2,4,1434208.3,358552.075,1164.0149999999999
C1525,0,Individual,M,USA,California,Home,No,Agency,66,1,3,1336757.18,445585.7266666666,1511.63
C1526,2,Individual,F,USA,California,Home,No,Website,69,3,3,1429330.15,476443.3833333333,1600.9133333333332
C1527,0,Individual,F,USA,California,Home,No,Agency,36,1,3,993447.0599999999,331149.01999999996,1200.3500000000001
C1528,1,Individual,F,Germany,Hamburg,Home,Yes,Website,28,1,3,1058452.68,352817.56,1125.17
C1529,7,Company,M,USA,California,Home,No,Website,36,4,4,1614522.9000000001,403630.72500000003,1350.98
C1530,2,Individual,F,USA,California,Home,No,Website,37,2,3,1011087.75,337029.25,1107.81
C1531,5,Individual,M,France,Brittany,Investment,No,Website,61,2,4,1272471.05,318117.7625,1065.415
C1532,1,Individual,F,USA,Texas,Home,Yes,Website,27,3,4,1446462.79,361615.6975,1164.0149999999999
C1533,0,Individual,M,Canada,British Columbia,Home,No,Agency,37,4,4,1019127.09,254781.7725,727.265
C1534,1,Individual,F,USA,California,Home,Yes,Website,29,4,3,1195359.88,398453.2933333333,1303.4733333333334
C1535,4,Individual,M,UK,England,Investment,No,Agency,31,3,4,1967005.46,491751.365,1591.4724999999999
C1536,2,Individual,F,USA,Washington,Home,No,Website,43,3,3,1076884.84,358961.61333333334,1050.6433333333332
C1537,2,Individual,F,USA,Arizona,Home,No,Website,26,5,3,1637300.4100000001,545766.8033333333,1579.3133333333335
C1538,5,Individual,F,USA,California,Investment,No,Website,79,5,3,775544.78,258514.92666666667,941.38
C1539,0,Individual,M,USA,Nevada,Home,No,Agency,28,1,3,811448.36,270482.7866666667,995.5099999999999
C1540,3,Individual,M,USA,California,Home,Yes,Client,68,2,3,842510.7,280836.89999999997,908.2333333333332
C1541,7,Individual,M,USA,California,Home,No,Website,61,2,4,1173616.46,293404.115,995.0275
C1542,1,Individual,M,USA,Nevada,Home,Yes,Website,36,1,3,1261648.92,420549.63999999996,1356.7466666666667
C1543,4,Individual,F,USA,New York,Investment,No,Agency,70,3,3,1199490.31,399830.10333333333,1267.4066666666668
C1544,2,Individual,F,Russia,Tatarstan,Home,No,Website,78,3,3,1551623.3,517207.76666666666,1679.1066666666666
C1545,6,Individual,F,USA,California,Investment,Yes,Website,33,1,3,1101811.15,367270.3833333333,1254.5033333333333
C1546,8,Individual,F,Mexico,Puebla,Home,Yes,Agency,59,4,4,1161022.51,290255.6275,874.9925000000001
C1547,8,Individual,F,USA,Florida,Home,Yes,Agency,50,2,4,1199337.46,299834.365,997.415
C1548,1,Company,M,USA,California,Home,Yes,Website,58,2,3,615223.03,205074.34333333335,678.9699999999999
C1549,3,Individual,M,Mexico,Nuevo Leon,Home,No,Client,64,4,3,837044.35,279014.7833333333,983.4266666666667
C1550,0,Individual,M,USA,California,Home,No,Agency,27,2,4,1368767.79,342191.9475,1164.0149999999999
C1551,0,Individual,M,USA,California,Home,No,Agency,34,2,3,1252240.69,417413.5633333333,1438.2933333333333
C1552,6,Individual,M,USA,California,Investment,Yes,Agency,78,2,4,1356450.7000000002,339112.67500000005,1074.0525
C1553,0,Company,M,USA,Utah,Home,No,Agency,35,4,3,979536.36,326512.12,1038.7166666666667
C1554,7,Individual,M,Germany,Bavaria,Home,No,Website,27,1,3,742034.24,247344.74666666667,678.9699999999999
C1555,2,Individual,F,UK,England,Home,No,Website,79,5,4,1233852.38,308463.095,1012.5575
C1556,4,Individual,F,USA,Colorado,Investment,No,Agency,43,2,4,1215734.71,303933.6775,1020.3875
C1557,1,Individual,F,USA,New York,Home,Yes,Website,83,2,3,955054.1799999999,318351.3933333333,1072.4833333333333
C1558,7,Individual,M,Mexico,Baja California,Home,No,Website,81,4,3,1482069.56,494023.1866666667,1680.5266666666666
C1559,2,Individual,F,UK,England,Home,No,Website,50,2,3,1345808.87,448602.9566666667,1445.2933333333333
C1560,3,Individual,F,USA,California,Home,Yes,Client,85,4,3,1052677.5699999998,350892.52333333326,1148.0433333333333
C1561,4,Individual,M,Mexico,Nuevo Leon,Investment,No,Agency,61,5,3,1135294.51,378431.50333333336,1193.7733333333333
C1562,3,Individual,F,USA,California,Home,No,Client,38,4,3,1179775.32,393258.44,1268.0466666666669
C1563,2,Individual,F,USA,Utah,Home,No,Website,38,5,3,979729.05,326576.35000000003,1090.7733333333333
C1564,5,Individual,M,USA,Washington,Investment,No,Website,61,5,3,1595925.43,531975.1433333333,1635.6233333333332
C1565,0,Individual,M,Mexico,Jalisco,Home,No,Agency,45,4,4,1140899.22,285224.805,994.0725
C1566,7,Individual,M,USA,California,Home,No,Website,31,3,4,1450240.65,362560.1625,1175.235
C1567,3,Individual,M,USA,Georgia,Home,No,Client,48,4,4,1594452.6199999999,398613.15499999997,1276.9875
C1568,2,Individual,F,USA,California,Home,No,Website,35,5,3,1373808.0899999999,457936.02999999997,1357.1933333333334
C1569,6,Individual,F,USA,California,Investment,Yes,Website,32,1,3,1175242.5499999998,391747.5166666666,1258.29
C1570,2,Individual,F,USA,Ohio,Home,No,Website,62,5,4,1469638.4,367409.6,1333.5625
C1571,7,Individual,M,USA,California,Home,No,Website,47,2,4,1243439.96,310859.99,1092.085
C1572,0,Individual,M,Australia,Queensland,Home,No,Agency,65,3,4,886149.52,221537.38,748.33
C1573,2,Individual,F,USA,California,Home,No,Website,79,1,4,1175839.94,293959.985,1059.9375
C1574,7,Individual,M,USA,California,Home,No,Website,41,4,3,1195224.9,398408.3,1255.6333333333334
C1575,7,Individual,M,USA,California,Home,No,Website,25,2,4,1395067.1600000001,348766.79000000004,1158.7275
C1576,6,Individual,F,USA,Nevada,Investment,Yes,Website,48,3,4,1359536.24,339884.06,1098.1675
C1577,7,Individual,M,Germany,Bavaria,Home,No,Website,42,3,3,1427933.58,475977.86000000004,1471.8999999999999
C1578,5,Individual,M,USA,California,Investment,No,Website,29,2,3,765431.01,255143.67,934.8733333333333
C1579,5,Individual,M,USA,Arizona,Investment,No,Website,80,4,4,1101753.5899999999,275438.39749999996,952.0525
C1580,6,Individual,M,USA,Georgia,Investment,Yes,Website,28,1,4,1008834.66,252208.665,872.2
C1581,5,Individual,M,USA,California,Investment,No,Website,75,1,3,1123364.22,374454.74,1023.9266666666666
C1582,3,Individual,M,France,Ile-de-France,Home,Yes,Client,70,4,3,1030269.01,343423.00333333336,1050.08
C1583,0,Individual,M,USA,California,Home,No,Agency,58,2,4,1378030.61,344507.6525,1170.135
C1584,6,Company,M,France,Brittany,Investment,Yes,Website,40,1,3,1199226.44,399742.14666666667,1361.7433333333333
C1585,7,Individual,M,Canada,Ontario,Home,No,Website,65,5,4,1480011.91,370002.9775,1276.8225
C1586,2,Individual,F,Germany,Berlin,Home,No,Website,58,3,3,1116579.83,372193.2766666667,1224.68
C1587,6,Individual,M,Canada,Quebec,Investment,Yes,Agency,82,4,3,743057.13,247685.71,850.2466666666668
C1588,5,Individual,F,USA,Utah,Investment,No,Website,45,5,3,957201.31,319067.10333333333,1104.51
C1589,4,Individual,F,USA,California,Investment,No,Agency,72,4,3,1380536.7000000002,460178.9000000001,1396.87
C1590,2,Company,F,USA,Oregon,Home,No,Website,46,1,4,1470403.6,367600.9,1228.8325
C1591,5,Individual,F,USA,California,Investment,No,Website,54,4,4,1676312.98,419078.245,1341.715
C1592,6,Individual,F,USA,Texas,Investment,Yes,Agency,50,2,4,878452.1900000001,219613.04750000002,735.11
C1593,7,Individual,M,USA,California,Home,No,Website,50,1,4,825960.49,206490.1225,666.135
C1594,0,Individual,F,USA,Colorado,Home,No,Agency,56,2,4,1522994.53,380748.6325,1259.875
C1595,7,Individual,M,USA,California,Home,No,Website,70,5,4,1310147.8599999999,327536.96499999997,1186.5225
C1596,5,Individual,M,Germany,Berlin,Investment,No,Website,46,4,3,1642954.44,547651.48,1649.26
C1597,6,Individual,F,USA,Nevada,Investment,Yes,Website,76,4,4,1155778.2,288944.55,947.7475
C1598,8,Individual,F,USA,Georgia,Home,Yes,Agency,85,4,3,1163931.67,387977.2233333333,1310.3966666666665
C1599,6,Individual,F,USA,Virginia,Investment,Yes,Website,45,5,3,1321031.17,440343.7233333333,1337.1733333333334
C1600,2,Individual,F,Belgium,Wallonia,Home,No,Website,57,5,4,1237164.36,309291.09,984.6475
C1601,2,Individual,F,Russia,Krasnodar Krai,Home,No,Website,29,3,3,829078.01,276359.33666666667,913.6700000000001
C1602,5,Individual,M,USA,Nevada,Investment,No,Website,39,4,4,1676863.99,419215.9975,1425.28
C1603,2,Individual,F,UK,England,Home,No,Website,63,5,4,1077719.71,269429.9275,976.2049999999999
C1604,7,Individual,M,USA,Texas,Home,No,Website,76,4,3,1050264.24,350088.08,1243.8233333333333
C1605,6,Individual,M,UK,England,Investment,Yes,Website,26,4,4,1170783.34,292695.835,874.9925000000001
C1606,8,Individual,M,USA,Washington,Home,Yes,Agency,60,1,3,917562.71,305854.23666666663,1033.4833333333333
C1607,0,Individual,F,USA,California,Home,No,Agency,62,3,3,829294.5700000001,276431.5233333334,927.6066666666666
C1608,1,Individual,F,UK,England,Home,Yes,Website,26,4,3,1431381.65,477127.2166666666,1447.82
C1609,5,Individual,M,USA,California,Investment,No,Website,61,2,3,804844.43,268281.4766666667,900.46
C1610,5,Individual,M,USA,California,Investment,No,Website,58,3,4,1249167.74,312291.935,1114.2125
C1611,5,Individual,F,USA,Nevada,Investment,No,Website,50,4,4,1072189.52,268047.38,842.75
C1612,0,Individual,M,USA,California,Home,No,Agency,35,1,3,766554.56,255518.18666666668,839.1433333333334
C1613,8,Individual,M,Denmark,Southern Denmark,Home,Yes,Agency,28,2,4,1608368.22,402092.055,1400.6975
C1614,5,Individual,F,USA,Utah,Investment,No,Website,57,4,3,822155.05,274051.68333333335,1059.3466666666666
C1615,0,Individual,M,USA,Utah,Home,No,Agency,62,5,3,857125.52,285708.50666666665,903.87
C1616,6,Individual,M,UK,Wales,Investment,Yes,Website,34,5,4,1344053.71,336013.4275,1128.1275
C1617,2,Individual,F,USA,California,Home,No,Website,73,3,3,776005.5,258668.5,839.1433333333334
C1618,1,Individual,F,USA,Washington,Home,Yes,Website,63,2,4,1356655.6800000002,339163.92000000004,1103.3025
C1619,7,Individual,M,Belgium,Wallonia,Home,No,Website,73,2,4,1390206.46,347551.615,1164.0149999999999
C1620,1,Individual,M,USA,California,Home,Yes,Website,81,1,3,788250.3500000001,262750.1166666667,979.0866666666667
C1621,4,Individual,M,USA,Oregon,Investment,No,Agency,71,2,3,739739.97,246579.99,973.09
C1622,1,Individual,F,USA,Oregon,Home,Yes,Website,64,1,3,1054193.3599999999,351397.7866666666,1107.81
C1623,2,Individual,F,USA,Oregon,Home,No,Website,31,4,3,1060233.46,353411.1533333333,1111.2966666666666
C1624,1,Individual,F,USA,California,Home,Yes,Website,75,4,4,1943363.94,485840.985,1602.67
C1625,0,Individual,M,Australia,Western Australia,Home,No,Agency,25,4,3,910587.85,303529.2833333333,1094.84
C1626,1,Individual,F,France,Provence,Home,Yes,Website,55,2,3,1225657.22,408552.4066666667,1464.8466666666666
C1627,5,Individual,M,USA,California,Investment,No,Website,52,1,3,1275226.77,425075.59,1527.8633333333335
C1628,1,Company,F,France,Normandy,Home,Yes,Website,32,4,3,800299.08,266766.36,842.73
C1629,0,Individual,F,USA,Utah,Home,No,Agency,69,5,3,789150.05,263050.01666666666,1008.13
C1630,6,Company,F,USA,Virginia,Investment,Yes,Website,31,1,3,1206881.92,402293.9733333333,1338.1466666666668
C1631,2,Individual,F,UK,Northern Ireland,Home,No,Website,59,5,4,1683720.2,420930.05,1267.07
C1632,6,Individual,F,USA,California,Investment,Yes,Agency,62,3,4,1425130.6800000002,356282.67000000004,1152.755
C1633,2,Individual,F,Canada,Ontario,Home,No,Website,48,2,3,847190.3300000001,282396.7766666667,976.8166666666666
C1634,5,Individual,F,USA,Georgia,Investment,No,Website,82,2,4,1044217.01,261054.2525,872.2
C1635,7,Individual,M,France,Brittany,Home,No,Website,77,1,4,1104480.44,276120.11,919.7425000000001
C1636,1,Company,F,USA,Arizona,Home,Yes,Website,39,5,3,1171439.72,390479.9066666667,1308.5133333333333
C1637,0,Individual,M,Mexico,Nuevo Leon,Home,No,Agency,56,5,3,1333020.46,444340.1533333333,1525.18
C1638,6,Individual,F,France,Occitanie,Investment,Yes,Agency,47,1,3,1047895.71,349298.57,1175.6833333333334
C1639,7,Individual,M,USA,Colorado,Home,No,Website,82,1,4,1088561.44,272140.36,975.4225
C1640,1,Individual,F,USA,California,Home,Yes,Website,59,1,4,1172146.65,293036.6625,1047.99
C1641,0,Individual,M,USA,Utah,Home,No,Agency,53,1,4,1898878.08,474719.52,1504.0974999999999
C1642,2,Individual,F,Canada,British Columbia,Home,No,Website,44,5,4,1441785.62,360446.405,1167.1599999999999
C1643,0,Individual,M,France,Ile-de-France,Home,No,Agency,48,4,3,1182889.92,394296.63999999996,1468.6933333333334
C1644,3,Individual,F,USA,California,Home,No,Client,81,1,4,1312822.17,328205.5425,1024.3375
C1645,5,Individual,F,Australia,New South Wales,Investment,No,Website,30,1,4,1503973.21,375993.3025,1238.115
C1646,6,Individual,M,USA,Washington,Investment,Yes,Agency,27,4,3,972186.46,324062.1533333333,1052.4533333333334
C1647,8,Individual,M,USA,Ohio,Home,Yes,Agency,80,4,3,1316368.95,438789.64999999997,1471.8999999999999
C1648,2,Individual,F,Australia,New South Wales,Home,No,Website,76,3,3,1282946.7,427648.89999999997,1476.9433333333334
C1649,8,Individual,F,USA,Oregon,Home,Yes,Agency,43,4,4,1540887.81,385221.9525,1254.045
C1650,5,Individual,M,USA,Washington,Investment,No,Website,56,2,3,1065238.5,355079.5,1057.95
C1651,5,Individual,M,USA,California,Investment,No,Website,80,4,3,962066.4199999999,320688.80666666664,880.66
C1652,3,Individual,M,USA,Nevada,Investment,Yes,Client,62,4,3,1078933.8,359644.60000000003,1168.3833333333334
C1653,6,Individual,F,USA,Colorado,Investment,Yes,Website,51,4,4,957106.48,239276.62,860.9325
C1654,2,Individual,F,USA,California,Home,No,Website,57,1,4,1250065.3800000001,312516.34500000003,951.6375
C1655,5,Individual,F,USA,Texas,Investment,No,Website,60,2,3,974749.8,324916.60000000003,1088.5866666666668
C1656,6,Individual,M,Belgium,Wallonia,Investment,Yes,Website,34,4,4,1401657.84,350414.46,1182.3725
C1657,7,Individual,M,USA,California,Home,No,Website,67,2,4,1316624.69,329156.1725,1023.9675
C1658,0,Individual,M,USA,California,Home,No,Agency,55,5,4,1243178.6,310794.65,984.12
C1659,7,Individual,M,Denmark,Zealand,Home,No,Website,79,4,4,1576416.87,394104.2175,1307.3
C1660,1,Individual,M,USA,Nevada,Home,Yes,Website,85,4,4,1330046.48,332511.62,1068.57
C1661,0,Individual,M,USA,Washington,Home,No,Agency,50,4,3,1511063.27,503687.75666666665,1599.3433333333332
C1662,7,Individual,M,Russia,Tatarstan,Home,No,Website,58,4,4,1505862.74,376465.685,1320.35
C1663,4,Individual,M,USA,Colorado,Investment,No,Agency,48,3,3,926064.21,308688.07,1042.71
C1664,4,Individual,F,France,Occitanie,Investment,No,Agency,56,5,3,1390001.73,463333.91,1445.2933333333333
C1665,7,Individual,M,USA,Arizona,Home,No,Website,30,5,4,966971.19,241742.7975,827.2
C1666,2,Individual,F,USA,Ohio,Home,No,Website,63,2,3,706503.5900000001,235501.19666666668,736.0433333333334
C1667,4,Individual,F,USA,California,Investment,No,Agency,58,4,3,831811.52,277270.50666666665,862.11
C1668,7,Individual,M,Australia,Victoria,Home,No,Website,68,5,4,1046863.21,261715.8025,872.2
C1669,6,Individual,M,Canada,Alberta,Investment,Yes,Agency,65,3,4,948271.3400000001,237067.83500000002,837.5225
C1670,1,Individual,F,USA,Colorado,Home,Yes,Website,55,3,4,1356021.03,339005.2575,1076.59
C1671,0,Individual,F,USA,California,Home,No,Agency,77,3,4,1329236.75,332309.1875,1120.62
C1672,5,Individual,F,USA,Nevada,Investment,No,Website,51,4,3,728363.1699999999,242787.7233333333,889.9166666666666
C1673,1,Individual,F,USA,Washington,Home,Yes,Website,33,1,4,1803634.76,450908.69,1422.9925
C1674,1,Individual,F,USA,California,Home,Yes,Website,84,5,4,1614623.53,403655.8825,1268.7075
C1675,5,Individual,F,Canada,Alberta,Investment,No,Website,40,5,3,918037.6799999999,306012.56,1012.96
C1676,2,Individual,F,USA,Washington,Home,No,Website,26,2,4,1251637.0,312909.25,1019.1225
C1677,1,Individual,M,USA,Texas,Home,Yes,Website,61,1,3,942915.1799999999,314305.06,975.9433333333333
C1678,8,Individual,M,USA,California,Home,Yes,Agency,64,1,3,1377654.29,459218.0966666667,1650.4733333333334
C1679,5,Individual,F,USA,Nevada,Investment,No,Website,39,4,3,1194618.9,398206.3,1268.0466666666669
C1680,4,Individual,F,USA,California,Investment,No,Agency,26,4,3,665078.77,221692.92333333334,692.13
C1681,3,Individual,M,USA,Oregon,Home,Yes,Client,64,3,4,1408304.94,352076.235,1156.7625
C1682,2,Individual,F,USA,Nevada,Home,No,Website,38,2,4,1469905.41,367476.3525,1257.0925
C1683,3,Individual,F,USA,Oregon,Investment,No,Client,26,1,4,1410114.6,352528.65,1144.74
C1684,5,Individual,F,USA,Colorado,Investment,No,Website,48,4,4,1109440.17,277360.0425,883.4825000000001
C1685,0,Individual,F,USA,California,Home,No,Agency,48,5,3,1109623.75,369874.5833333333,1274.52
C1686,6,Individual,M,USA,California,Investment,Yes,Agency,48,2,4,1214377.82,303594.455,1073.905
C1687,1,Individual,M,USA,California,Home,Yes,Website,58,4,4,1026117.62,256529.405,935.37
C1688,3,Individual,F,USA,Oregon,Home,No,Client,29,5,3,1314384.27,438128.09,1281.9566666666667
C1689,3,Individual,F,USA,Oregon,Investment,Yes,Client,40,1,3,896100.8,298700.26666666666,973.09
C1690,8,Individual,M,Denmark,North Denmark,Home,Yes,Agency,74,2,3,1662639.06,554213.02,1754.9366666666667
C1691,7,Individual,M,USA,Arizona,Home,No,Website,79,5,4,1212731.6,303182.9,984.9525
C1692,8,Individual,M,Canada,Ontario,Home,Yes,Agency,34,5,4,1165619.9100000001,291404.97750000004,984.9525
C1693,7,Individual,M,Belgium,Flanders,Home,No,Website,35,1,4,1557035.08,389258.77,1342.1525000000001
C1694,0,Individual,F,USA,Virginia,Home,No,Agency,68,5,4,1457395.73,364348.9325,1202.695
C1695,2,Individual,F,Belgium,Flanders,Home,No,Website,70,5,3,975866.19,325288.73,1111.2966666666666
C1696,2,Individual,F,USA,Florida,Home,No,Website,38,1,4,1316025.35,329006.3375,1092.085
C1697,3,Individual,F,Belgium,Brussels,Home,No,Client,45,2,4,802813.26,200703.315,700.7825
C1698,1,Individual,M,UK,Northern Ireland,Home,Yes,Website,75,4,3,764529.97,254843.32333333333,901.6266666666667
C1699,8,Individual,M,Australia,Western Australia,Home,Yes,Agency,56,3,4,1161971.24,290492.81,946.6524999999999
C1700,7,Individual,M,USA,Nevada,Home,No,Website,82,3,4,1293648.37,323412.0925,1050.5725
C1701,2,Individual,F,USA,Arizona,Home,No,Website,43,1,3,916043.72,305347.9066666667,979.0866666666667
C1702,6,Individual,M,USA,Washington,Investment,Yes,Website,36,5,3,1259181.49,419727.16333333333,1477.03
C1703,4,Individual,M,USA,Texas,Investment,No,Agency,26,4,3,868665.77,289555.25666666665,980.8699999999999
C1704,0,Individual,F,Denmark,Capital Region,Home,No,Agency,62,4,3,1131490.6400000001,377163.5466666667,1251.25
C1705,6,Individual,M,USA,Virginia,Investment,Yes,Website,46,3,3,1031987.6799999999,343995.8933333333,1049.3066666666666
C1706,1,Individual,M,USA,California,Home,Yes,Website,49,3,4,1417221.48,354305.37,1128.9675
C1707,1,Individual,M,USA,Georgia,Home,Yes,Website,52,1,3,770609.62,256869.87333333332,899.7566666666667
C1708,8,Individual,F,Germany,Hesse,Home,Yes,Agency,39,1,3,854426.52,284808.84,897.3100000000001
C1709,4,Individual,F,USA,Arizona,Investment,No,Agency,79,3,3,1336416.1600000001,445472.0533333334,1513.17
C1710,6,Individual,M,Canada,Alberta,Investment,Yes,Website,68,2,3,1027918.12,342639.37333333335,1156.0800000000002
C1711,6,Individual,F,USA,California,Investment,Yes,Website,44,3,4,1015613.11,253903.2775,836.9425
C1712,7,Individual,M,France,Occitanie,Home,No,Website,54,5,4,1280242.15,320060.5375,1102.08
C1713,2,Individual,F,USA,Oregon,Home,No,Website,44,1,4,1401670.4500000002,350417.61250000005,1186.5225
C1714,7,Individual,M,USA,Colorado,Home,No,Website,77,3,4,1054289.58,263572.395,823.6625
C1715,8,Individual,F,USA,Florida,Home,Yes,Agency,62,3,4,987214.1799999999,246803.54499999998,900.39
C1716,2,Individual,F,USA,California,Home,No,Website,45,1,3,1027286.48,342428.82666666666,1129.1766666666665
C1717,1,Individual,F,USA,California,Home,Yes,Website,84,4,3,915606.0700000001,305202.0233333334,980.8699999999999
C1718,2,Individual,F,USA,California,Home,No,Website,31,1,4,1362121.47,340530.3675,1150.74
C1719,0,Company,M,USA,Florida,Home,No,Agency,65,2,3,1178759.88,392919.95999999996,1263.8633333333335
C1720,1,Individual,F,USA,California,Home,Yes,Website,29,5,4,1396671.77,349167.9425,1122.0925
C1721,0,Individual,M,USA,Nevada,Home,No,Agency,39,2,4,1282729.71,320682.4275,1034.0675
C1722,2,Individual,F,USA,Nevada,Home,No,Website,43,3,4,1676365.72,419091.43,1307.3
C1723,8,Individual,F,Canada,Quebec,Home,Yes,Agency,27,2,4,1084602.42,271150.605,900.39
C1724,7,Individual,M,USA,Virginia,Home,No,Website,69,4,4,1646338.3599999999,411584.58999999997,1358.9675
C1725,1,Individual,F,USA,Nevada,Home,Yes,Website,67,3,4,1352500.23,338125.0575,1167.3975
C1726,2,Individual,F,UK,Northern Ireland,Home,No,Website,77,3,3,1141107.24,380369.08,1193.7733333333333
C1727,2,Individual,F,USA,New York,Home,No,Website,80,3,4,1563834.42,390958.605,1210.7375
C1728,3,Individual,F,USA,Oregon,Home,Yes,Client,81,3,4,1436312.58,359078.145,1225.2649999999999
C1729,1,Individual,M,Canada,British Columbia,Home,Yes,Website,70,3,3,956356.54,318785.51333333337,1090.7733333333333
C1730,6,Individual,M,Mexico,Puebla,Investment,Yes,Agency,46,5,3,796432.48,265477.49333333335,922.6899999999999
C1731,1,Individual,M,USA,California,Home,Yes,Website,54,4,4,1172220.1099999999,293055.02749999997,966.56
C1732,4,Individual,F,Canada,Alberta,Investment,No,Agency,55,2,3,1551003.8399999999,517001.27999999997,1654.4733333333334
C1733,8,Individual,F,USA,California,Home,Yes,Agency,77,3,4,1179975.09,294993.7725,1009.9325
C1734,7,Individual,M,USA,California,Home,No,Website,51,5,3,1078504.94,359501.64666666667,1254.5033333333333
C1735,5,Individual,F,USA,Utah,Investment,No,Website,56,3,3,1139995.98,379998.66,1258.3999999999999
C1736,6,Individual,F,USA,California,Investment,Yes,Website,36,4,4,1482243.88,370560.97,1122.0925
C1737,5,Individual,F,USA,California,Investment,No,Website,33,3,3,1060946.57,353648.8566666667,1090.7733333333333
C1738,2,Individual,F,USA,California,Home,No,Website,48,5,3,861195.69,287065.23,1016.7633333333333
C1739,6,Individual,M,Russia,Novosibirsk,Investment,Yes,Website,40,3,4,998344.48,249586.12,872.2
C1740,1,Individual,F,USA,California,Home,Yes,Website,74,5,4,1439013.3399999999,359753.33499999996,1164.015
C1741,7,Individual,M,USA,Virginia,Home,No,Website,49,5,4,1310713.04,327678.26,1140.38
C1742,0,Company,F,USA,California,Home,No,Agency,37,5,3,1177856.21,392618.73666666663,1431.79
C1743,3,Individual,F,Belgium,Flanders,Home,No,Client,79,1,3,839069.28,279689.76,881.7833333333333
C1744,5,Individual,M,Russia,Krasnodar Krai,Investment,No,Website,64,1,4,1320002.42,330000.605,1092.085
C1745,2,Individual,F,USA,California,Home,No,Website,49,1,3,1261495.5,420498.5,1487.6599999999999
C1746,2,Individual,F,Belgium,Flanders,Home,No,Website,66,3,3,793835.85,264611.95,874.19
C1747,3,Individual,M,USA,Colorado,Home,No,Client,60,5,3,1016661.44,338887.14666666667,1059.1499999999999
C1748,1,Individual,M,USA,California,Home,Yes,Website,75,4,3,1112272.46,370757.48666666663,1274.52
C1749,7,Individual,M,USA,California,Home,No,Website,69,3,3,832665.62,277555.20666666667,862.1066666666666
C1750,7,Company,M,USA,Colorado,Home,No,Website,34,3,4,1497163.73,374290.9325,1150.2
C1751,2,Individual,F,USA,Ohio,Home,No,Website,70,5,4,873120.47,218280.1175,700.7825
C1752,6,Individual,M,USA,California,Investment,Yes,Website,45,1,3,1119600.47,373200.1566666667,1152.5966666666666
C1753,6,Individual,M,USA,Georgia,Investment,Yes,Website,80,3,3,770077.48,256692.49333333332,964.2666666666668
C1754,1,Individual,M,USA,Virginia,Home,Yes,Website,30,2,3,1361555.24,453851.74666666664,1471.8999999999999
C1755,1,Individual,M,USA,Nevada,Home,Yes,Website,27,1,3,672116.9199999999,224038.9733333333,776.2433333333333
C1756,7,Individual,M,USA,Utah,Home,No,Website,35,1,4,1481404.3900000001,370351.09750000003,1146.0149999999999
C1757,3,Individual,M,Germany,Bavaria,Home,No,Client,40,3,3,1125366.62,375122.2066666667,1182.08
C1758,6,Individual,M,USA,Oregon,Investment,Yes,Agency,40,4,4,1006481.1799999999,251620.29499999998,801.065
C1759,5,Individual,M,USA,California,Investment,No,Website,51,1,4,1031917.22,257979.305,831.47
C1760,2,Individual,F,Belgium,Brussels,Home,No,Website,50,2,4,1454358.32,363589.58,1265.3825
C1761,7,Individual,M,USA,Washington,Home,No,Website,71,1,4,1181772.43,295443.1075,972.335
C1762,7,Individual,M,USA,Virginia,Home,No,Website,61,1,3,1023352.22,341117.4066666667,1090.9466666666667
C1763,2,Individual,F,USA,New York,Home,No,Website,71,3,4,1789381.67,447345.4175,1374.585
C1764,0,Individual,F,USA,Nevada,Home,No,Agency,79,2,4,1668335.18,417083.795,1338.8999999999999
C1765,3,Individual,F,USA,Colorado,Home,Yes,Client,28,1,4,1734167.51,433541.8775,1577.2325
C1766,2,Individual,F,USA,California,Home,No,Website,32,4,4,1371247.08,342811.77,1071.3925
C1767,7,Individual,M,USA,Colorado,Home,No,Website,47,3,4,1455838.9100000001,363959.72750000004,1123.3175
C1768,2,Individual,F,Russia,Saint Petersburg,Home,No,Website,82,4,4,985105.21,246276.3025,834.6575
C1769,3,Company,M,USA,Oregon,Home,Yes,Client,40,1,3,985909.0,328636.3333333333,1101.55
C1770,8,Individual,F,USA,Washington,Home,Yes,Agency,80,1,3,1334771.42,444923.80666666664,1469.18
C1771,3,Company,M,USA,Georgia,Home,Yes,Client,50,3,3,1280895.97,426965.3233333333,1435.6633333333332
C1772,6,Company,F,Canada,Alberta,Investment,Yes,Agency,51,5,4,1105281.92,276320.48,1015.8675
C1773,6,Individual,M,USA,Nevada,Investment,Yes,Agency,45,3,4,1284141.19,321035.2975,984.6475
C1774,0,Individual,M,USA,Oregon,Home,No,Agency,41,4,4,1169335.49,292333.8725,1008.6625
C1775,0,Individual,F,USA,California,Home,No,Agency,55,3,4,1414776.99,353694.2475,1102.9724999999999
C1776,2,Individual,F,France,Occitanie,Home,No,Website,52,1,3,1071718.4,357239.4666666666,1196.1733333333334
C1777,3,Individual,M,USA,California,Investment,No,Client,51,5,3,784629.95,261543.31666666665,900.46
C1778,6,Individual,M,USA,Georgia,Investment,Yes,Website,32,4,3,1216664.8199999998,405554.93999999994,1339.73
C1779,3,Individual,F,USA,California,Home,No,Client,46,5,4,1563236.5499999998,390809.13749999995,1287.1
C1780,5,Individual,M,USA,Utah,Investment,No,Website,69,1,4,1735557.1500000001,433889.28750000003,1341.715
C1781,2,Individual,F,USA,California,Home,No,Website,57,4,4,1383316.42,345829.105,1164.0149999999999
C1782,5,Individual,F,UK,England,Investment,No,Website,26,1,4,897646.55,224411.6375,783.64
C1783,7,Individual,M,USA,California,Home,No,Website,71,3,4,1136482.92,284120.73,883.805
C1784,3,Individual,M,Australia,Western Australia,Home,No,Client,27,3,4,1352274.53,338068.6325,1106.8725
C1785,1,Individual,F,USA,Colorado,Home,Yes,Website,69,1,3,1006568.23,335522.74333333335,1156.5633333333333
C1786,7,Individual,M,USA,California,Home,No,Website,30,1,4,1247095.22,311773.805,1102.2725
C1787,4,Individual,M,USA,Georgia,Investment,No,Agency,70,5,4,1289585.42,322396.355,1029.38
C1788,7,Individual,M,USA,California,Home,No,Website,36,3,3,1116876.81,372292.27,1155.6966666666667
C1789,8,Individual,M,USA,Colorado,Home,Yes,Agency,43,5,3,1359605.1,453201.7,1526.9566666666667
C1790,3,Individual,M,USA,Nevada,Investment,No,Client,85,5,4,1335521.08,333880.27,1159.9675
C1791,0,Individual,M,USA,California,Home,No,Agency,59,5,3,894512.8,298170.93333333335,1050.08
C1792,0,Individual,M,USA,California,Home,No,Agency,30,3,4,1948563.24,487140.81,1676.3825
C1793,5,Individual,M,USA,Utah,Investment,No,Website,56,1,4,1317525.03,329381.2575,1102.08
C1794,7,Individual,M,USA,Colorado,Home,No,Website,30,3,4,1378476.06,344619.015,1137.5875
C1795,1,Individual,M,USA,California,Home,Yes,Website,80,5,4,1058019.94,264504.985,827.2
C1796,3,Individual,F,USA,California,Investment,Yes,Client,75,5,3,1158919.94,386306.64666666667,1286.4833333333333
C1797,1,Individual,F,USA,Oregon,Home,Yes,Website,68,3,3,910545.9199999999,303515.30666666664,1033.6200000000001
C1798,6,Individual,M,USA,Arizona,Investment,Yes,Website,59,1,4,1601121.79,400280.4475,1263.96
C1799,0,Individual,F,USA,Colorado,Home,No,Agency,76,5,4,1022792.49,255698.1225,823.6625
C1800,3,Individual,M,USA,Oregon,Home,No,Client,81,1,3,1120963.1,373654.3666666667,1301.6499999999999
C1801,1,Individual,M,USA,California,Home,Yes,Website,61,5,3,1473065.73,491021.91,1422.97
C1802,3,Individual,M,USA,Nevada,Investment,No,Client,77,1,4,1155979.49,288994.8725,1011.5875
C1803,4,Individual,F,Canada,Quebec,Investment,No,Agency,38,5,3,1329728.19,443242.73,1443.9800000000002
C1804,7,Individual,M,USA,California,Home,No,Website,36,1,4,1735376.55,433844.1375,1504.0974999999999
C1805,5,Individual,M,UK,Northern Ireland,Investment,No,Website,73,3,4,1871670.17,467917.5425,1699.3675
C1806,4,Individual,F,Australia,New South Wales,Investment,No,Agency,58,2,3,974821.86,324940.62,1049.3066666666666
C1807,2,Individual,F,France,Brittany,Home,No,Website,68,5,3,1520931.78,506977.26,1469.18
C1808,3,Individual,F,USA,Washington,Investment,No,Client,36,2,4,1102931.4500000002,275732.86250000005,989.46
C1809,8,Individual,F,USA,New York,Home,Yes,Agency,44,4,4,1221253.05,305313.2625,1104.2925
C1810,0,Individual,F,USA,Texas,Home,No,Agency,81,3,3,991862.87,330620.95666666667,1138.4233333333334
C1811,8,Individual,F,USA,California,Home,Yes,Agency,67,3,4,1189519.9,297379.975,1029.73
C1812,1,Individual,M,France,Provence,Home,Yes,Website,48,5,4,1080880.0,270220.0,955.7624999999999
C1813,6,Individual,M,Germany,Hamburg,Investment,Yes,Website,78,3,4,1552316.39,388079.0975,1294.645
C1814,7,Individual,M,Denmark,North Denmark,Home,No,Website,38,2,4,1303261.99,325815.4975,1153.0825
C1815,0,Individual,M,USA,California,Home,No,Agency,76,5,4,1182628.3,295657.075,942.035
C1816,7,Individual,M,Canada,Quebec,Home,No,Website,63,2,4,1078876.87,269719.2175,909.9825
C1817,2,Individual,F,USA,Virginia,Home,No,Agency,81,1,3,1240667.65,413555.8833333333,1412.0199999999998
C1818,6,Individual,F,USA,Washington,Investment,Yes,Website,31,5,3,814797.06,271599.02,851.4266666666667
C1819,7,Individual,M,Russia,Krasnodar Krai,Home,No,Website,62,1,3,1067644.33,355881.44333333336,1339.7466666666667
C1820,7,Individual,M,France,Provence,Home,No,Website,46,3,4,970434.94,242608.735,840.8725
C1821,7,Individual,M,USA,Nevada,Home,No,Website,81,5,4,1733692.6199999999,433423.15499999997,1244.8049999999998
C1822,6,Individual,M,USA,Oregon,Investment,Yes,Website,29,5,4,1388147.75,347036.9375,1184.81
C1823,1,Individual,M,USA,Oregon,Home,Yes,Website,58,4,3,993925.86,331308.62,994.8266666666667
C1824,7,Individual,M,USA,California,Home,No,Website,63,3,4,945036.97,236259.2425,857.7574999999999
C1825,0,Individual,M,Mexico,Nuevo Leon,Home,No,Agency,69,2,4,948769.9299999999,237192.48249999998,802.7125
C1826,3,Individual,M,USA,Ohio,Home,No,Client,74,4,4,1300035.21,325008.8025,1159.5325
C1827,1,Individual,M,USA,New York,Home,Yes,Website,53,5,4,1221529.77,305382.4425,988.7175
C1828,6,Individual,M,USA,California,Investment,Yes,Website,34,2,4,1199213.25,299803.3125,1114.2125
C1829,8,Individual,F,USA,California,Home,Yes,Agency,28,5,3,1194095.83,398031.94333333336,1394.21
C1830,2,Individual,F,USA,Arizona,Home,No,Website,66,3,3,1363309.64,454436.54666666663,1487.6599999999999
C1831,2,Individual,F,Russia,Tatarstan,Home,No,Website,75,3,4,1004720.27,251180.0675,972.335
C1832,6,Individual,M,USA,Oregon,Investment,Yes,Website,38,1,4,1282390.94,320597.735,1103.3225
C1833,6,Individual,F,USA,Arizona,Investment,Yes,Website,78,1,3,1132086.83,377362.2766666667,1357.1933333333334
C1834,4,Individual,M,Belgium,Flanders,Investment,No,Agency,62,5,4,1222274.5999999999,305568.64999999997,948.835
C1835,6,Individual,F,Canada,Alberta,Investment,Yes,Agency,66,4,3,739211.6,246403.86666666667,849.7466666666668
C1836,6,Individual,F,USA,California,Investment,Yes,Website,65,1,4,1213775.31,303443.8275,958.755
C1837,3,Individual,F,USA,California,Home,Yes,Client,75,2,4,1507583.69,376895.9225,1333.2775
C1838,4,Individual,F,Canada,Alberta,Investment,No,Agency,61,1,4,1266344.58,316586.145,1030.83
C1839,4,Individual,M,USA,California,Investment,No,Agency,83,2,4,967894.54,241973.635,821.355
C1840,5,Individual,M,UK,England,Investment,No,Website,39,3,3,911506.03,303835.3433333333,1064.7333333333333
C1841,7,Individual,M,USA,New York,Home,No,Website,78,4,4,1612088.13,403022.0325,1374.585
C1842,8,Company,M,Canada,Alberta,Home,Yes,Agency,47,3,3,1252827.37,417609.12333333335,1407.5133333333333
C1843,7,Individual,M,Germany,Hesse,Home,No,Website,73,4,4,1487849.65,371962.4125,1218.84
C1844,0,Individual,F,USA,Ohio,Home,No,Agency,47,1,4,1033138.51,258284.6275,837.88
C1845,6,Individual,M,USA,California,Investment,Yes,Website,76,1,3,889124.6799999999,296374.8933333333,972.0533333333333
C1846,8,Individual,F,Russia,Novosibirsk,Home,Yes,Agency,40,5,3,886017.55,295339.18333333335,980.8699999999999
C1847,7,Individual,M,USA,Utah,Home,No,Website,73,4,4,1080850.85,270212.7125,859.7125
C1848,2,Individual,F,USA,California,Home,No,Website,32,2,4,1595352.82,398838.205,1295.0974999999999
C1849,6,Individual,M,Canada,Alberta,Investment,Yes,Website,49,3,3,1019239.08,339746.36,1016.7633333333333
C1850,6,Individual,M,USA,New York,Investment,Yes,Agency,54,5,4,1380990.75,345247.6875,1176.685
C1851,8,Individual,F,UK,England,Home,Yes,Agency,71,3,4,1552543.97,388135.9925,1153.5575
C1852,2,Individual,F,USA,Virginia,Home,No,Website,28,4,3,1674072.07,558024.0233333333,1733.68
C1853,5,Individual,F,USA,Virginia,Investment,No,Website,76,4,4,1207329.15,301832.2875,1012.5575
C1854,3,Company,M,France,Ile-de-France,Investment,No,Client,65,1,4,1387997.02,346999.255,1104.2925
C1855,1,Individual,F,USA,California,Home,Yes,Website,41,2,4,1117305.8599999999,279326.46499999997,874.6275
C1856,7,Company,M,USA,Virginia,Home,No,Website,31,2,3,1216231.4300000002,405410.47666666674,1334.1000000000001
C1857,6,Individual,M,USA,California,Investment,Yes,Website,38,2,3,919814.94,306604.98,932.37
C1858,2,Individual,F,USA,Colorado,Home,No,Website,67,5,3,1161958.29,387319.43,1267.5866666666668
C1859,3,Individual,M,USA,California,Home,Yes,Client,82,5,4,1087561.59,271890.3975,862.28
C1860,8,Company,F,USA,California,Home,Yes,Agency,55,4,4,1661197.49,415299.3725,1338.8999999999999
C1861,6,Individual,M,USA,California,Investment,Yes,Website,44,3,4,1475178.95,368794.7375,1239.9025000000001
C1862,1,Individual,M,USA,California,Home,Yes,Website,72,1,3,988771.17,329590.39,1076.69
C1863,2,Individual,F,UK,Scotland,Home,No,Website,77,3,4,1281313.02,320328.255,1039.19
C1864,1,Individual,F,USA,New York,Home,Yes,Website,53,5,4,1131730.6,282932.65,1027.325
C1865,5,Individual,M,USA,Arizona,Investment,No,Website,52,4,3,1092253.24,364084.41333333333,1196.1733333333334
C1866,0,Individual,F,USA,Nevada,Home,No,Agency,54,2,4,1620195.43,405048.8575,1380.26
C1867,1,Individual,M,USA,California,Home,Yes,Website,74,2,3,761781.8,253927.2666666667,791.0400000000001
C1868,2,Individual,F,UK,Wales,Home,No,Website,50,1,4,1469394.43,367348.6075,1198.3725
C1869,3,Individual,F,Mexico,Nuevo Leon,Home,No,Client,50,5,4,1335399.36,333849.84,1132.7375
C1870,4,Individual,M,USA,Washington,Investment,No,Agency,45,1,3,680865.94,226955.31333333332,842.68
C1871,1,Individual,F,USA,Texas,Home,Yes,Website,64,1,4,1096466.77,274116.6925,1000.415
C1872,3,Individual,M,Mexico,Mexico City,Home,No,Client,85,5,3,1284121.27,428040.42333333334,1452.2633333333333
C1873,0,Individual,F,Canada,British Columbia,Home,No,Agency,66,5,4,841611.53,210402.8825,727.265
C1874,4,Individual,M,USA,Colorado,Investment,No,Agency,53,1,3,1058361.99,352787.33,1125.17
C1875,3,Individual,F,USA,Nevada,Home,No,Client,82,2,3,1220153.8599999999,406717.9533333333,1339.73
C1876,6,Company,M,USA,Ohio,Investment,Yes,Website,44,4,3,1543986.34,514662.11333333334,1523.6933333333334
C1877,0,Individual,M,USA,Arizona,Home,No,Agency,64,5,3,905899.79,301966.5966666667,1008.13
C1878,0,Individual,M,USA,Washington,Home,No,Agency,58,5,3,958603.36,319534.4533333333,1097.4366666666667
C1879,2,Individual,F,USA,New York,Home,No,Website,48,3,3,1536294.68,512098.2266666666,1504.28
C1880,3,Individual,F,USA,California,Home,Yes,Client,27,5,4,1319939.53,329984.8825,1053.27
C1881,1,Individual,F,USA,Oregon,Home,Yes,Website,36,2,3,972731.0900000001,324243.6966666667,1127.1499999999999
C1882,5,Individual,F,USA,Virginia,Investment,No,Website,65,3,3,884144.1,294714.7,934.4333333333334
C1883,0,Individual,M,USA,California,Home,No,Agency,84,1,4,1877399.3199999998,469349.82999999996,1489.11
C1884,1,Individual,M,USA,Nevada,Home,Yes,Website,71,5,3,930994.2100000001,310331.4033333334,997.4133333333333
C1885,8,Individual,M,Germany,Hamburg,Home,Yes,Agency,58,1,4,1740983.97,435245.9925,1564.0774999999999
C1886,2,Individual,F,USA,California,Home,No,Website,26,5,3,774293.9299999999,258097.97666666665,842.68
C1887,4,Individual,F,USA,Oregon,Investment,No,Agency,40,1,3,822999.76,274333.25333333336,941.2099999999999
C1888,7,Individual,M,USA,California,Home,No,Website,63,3,4,981962.01,245490.5025,820.9224999999999
C1889,1,Individual,M,USA,California,Home,Yes,Website,38,4,3,1193609.3,397869.76666666666,1205.9633333333334
C1890,3,Individual,M,Canada,Ontario,Home,No,Client,71,4,4,1209659.27,302414.8175,1042.1725000000001
C1891,0,Individual,M,USA,Oregon,Home,No,Agency,53,2,4,1466482.7999999998,366620.69999999995,1244.8049999999998
C1892,6,Individual,F,USA,Nevada,Investment,Yes,Agency,74,5,3,978638.94,326212.98,1033.4833333333333
C1893,1,Individual,F,USA,Washington,Home,Yes,Website,63,1,4,1458732.84,364683.21,1146.0149999999999
C1894,5,Individual,F,USA,Texas,Investment,No,Website,81,4,4,1284918.37,321229.5925,1027.81
C1895,4,Company,M,USA,Nevada,Investment,No,Agency,57,4,3,1170571.86,390190.62000000005,1308.5133333333333
C1896,4,Individual,M,USA,Virginia,Investment,No,Agency,70,3,3,1158311.0,386103.6666666667,1139.1533333333334
C1897,2,Individual,F,Canada,Ontario,Home,No,Website,75,2,4,1108918.3399999999,277229.58499999996,941.61
C1898,1,Individual,M,USA,New York,Home,Yes,Website,47,1,4,1159717.54,289929.385,951.8199999999999
C1899,7,Individual,M,UK,England,Home,No,Website,29,3,3,1001627.28,333875.76,1221.3833333333334
C1900,3,Individual,F,UK,England,Investment,No,Client,27,4,4,1185889.79,296472.4475,1210.7375000000002
C1901,0,Individual,M,Canada,British Columbia,Home,No,Agency,43,4,4,1357680.7,339420.175,1151.37
C1902,4,Company,M,USA,Colorado,Investment,No,Agency,45,2,4,1127600.93,281900.2325,885.395
C1903,2,Individual,F,USA,Nevada,Home,No,Website,34,2,4,1453139.0699999998,363284.76749999996,1192.72
C1904,1,Individual,M,USA,Texas,Home,Yes,Website,76,2,4,1337265.67,334316.4175,1073.7375
C1905,7,Individual,M,USA,Virginia,Home,No,Website,64,1,3,1180529.35,393509.7833333334,1354.2933333333333
C1906,0,Individual,F,USA,California,Home,No,Agency,70,2,4,1487182.67,371795.6675,1158.6325
C1907,7,Individual,M,USA,Colorado,Home,No,Website,75,3,4,1751481.1500000001,437870.28750000003,1349.2
C1908,2,Individual,F,USA,California,Home,No,Website,49,2,4,1543714.5,385928.625,1324.385
C1909,4,Individual,F,USA,California,Investment,No,Agency,40,2,3,1238663.76,412887.92,1313.16
C1910,8,Company,M,USA,California,Home,Yes,Agency,40,2,4,816793.9099999999,204198.47749999998,735.11
C1911,0,Individual,M,USA,California,Home,No,Agency,36,5,3,1195691.95,398563.98333333334,1268.0466666666669
C1912,5,Individual,F,USA,Utah,Investment,No,Website,71,1,3,863871.21,287957.07,952.0733333333334
C1913,7,Individual,M,France,Provence,Home,No,Website,45,5,4,1210353.53,302588.3825,972.245
C1914,1,Individual,F,UK,Scotland,Home,Yes,Website,32,4,3,1553786.78,517928.9266666667,1584.7333333333333
C1915,3,Individual,F,USA,Arizona,Investment,No,Client,61,4,3,1015184.58,338394.86,1076.6899999999998
C1916,5,Individual,M,USA,California,Investment,No,Website,77,2,3,1257058.52,419019.50666666665,1303.7766666666666
C1917,3,Individual,F,Australia,New South Wales,Home,No,Client,54,2,4,1007433.23,251858.3075,820.9224999999999
C1918,3,Individual,F,USA,California,Home,No,Client,85,1,4,1019401.51,254850.3775,765.6675
C1919,5,Company,F,USA,Nevada,Investment,No,Website,57,1,4,1083015.76,270753.94,929.2725
C1920,0,Individual,M,Germany,North Rhine-Westphalia,Home,No,Agency,56,5,4,1523588.92,380897.23,1278.045
C1921,2,Individual,F,France,Provence,Home,No,Website,69,5,3,980793.6799999999,326931.2266666666,1089.46
C1922,2,Individual,F,USA,California,Home,No,Agency,38,1,3,1549836.17,516612.05666666664,1592.1233333333332
C1923,3,Individual,F,Mexico,Jalisco,Investment,Yes,Client,78,1,4,1302917.16,325729.29,1140.38
C1924,3,Individual,M,USA,California,Home,No,Client,68,3,4,1453954.37,363488.5925,1253.3075
C1925,0,Individual,M,USA,Colorado,Home,No,Agency,84,2,4,1165252.94,291313.235,1093.05
C1926,1,Individual,M,Mexico,Puebla,Home,Yes,Website,28,1,4,1238034.03,309508.5075,1014.73
C1927,6,Individual,F,USA,California,Investment,Yes,Website,73,1,4,1325474.94,331368.735,1280.6875
C1928,3,Individual,M,Australia,New South Wales,Home,Yes,Client,27,4,3,741930.22,247310.07333333333,736.0433333333334
C1929,8,Individual,F,Mexico,Jalisco,Home,Yes,Agency,84,1,4,1329874.96,332468.74,1127.175
C1930,4,Individual,F,USA,Colorado,Investment,No,Agency,59,3,4,1184992.23,296248.0575,990.9875000000001
C1931,1,Individual,F,USA,Utah,Home,Yes,Website,30,5,4,1323884.1099999999,330971.02749999997,1047.99
C1932,5,Individual,F,USA,California,Investment,No,Website,63,2,4,1713149.19,428287.2975,1342.1525000000001
C1933,3,Company,F,Australia,Queensland,Home,No,Client,31,1,3,822428.05,274142.68333333335,851.87
C1934,3,Individual,M,France,Ile-de-France,Investment,Yes,Client,47,4,4,1719384.46,429846.115,1422.9925
C1935,2,Individual,F,USA,Arizona,Home,No,Website,42,5,3,1205890.37,401963.4566666667,1357.1933333333334
C1936,8,Individual,M,Russia,Krasnodar Krai,Home,Yes,Agency,41,1,3,965899.1000000001,321966.3666666667,992.2199999999999
C1937,1,Individual,F,USA,Arizona,Home,Yes,Website,64,3,4,1707838.06,426959.515,1419.32
C1938,1,Individual,M,Canada,Quebec,Home,Yes,Website,52,4,3,1154671.2,384890.39999999997,1205.9633333333334
C1939,6,Individual,F,USA,Florida,Investment,Yes,Agency,46,1,3,674304.95,224768.31666666665,839.1433333333334
C1940,0,Individual,F,Canada,Manitoba,Home,No,Agency,28,4,4,1403901.1400000001,350975.28500000003,1216.595
C1941,3,Individual,F,USA,Nevada,Home,No,Client,82,5,4,1368615.25,342153.8125,1140.38
C1942,8,Company,F,USA,Nevada,Home,Yes,Agency,41,2,3,1133984.52,377994.84,1313.16
C1943,7,Individual,M,USA,Arizona,Home,No,Website,53,1,3,967521.23,322507.07666666666,1042.71
C1944,5,Individual,M,USA,California,Investment,No,Website,39,1,4,1971083.9300000002,492770.98250000004,1602.67
C1945,5,Individual,M,Mexico,Mexico City,Investment,No,Website,58,3,4,1112541.88,278135.47,939.4875
C1946,0,Individual,M,USA,California,Home,No,Agency,71,1,3,1056227.37,352075.79000000004,1111.25
C1947,7,Individual,M,USA,Nevada,Home,No,Website,46,3,3,1247905.56,415968.52,1328.47
C1948,2,Individual,F,USA,Arizona,Home,No,Agency,70,2,3,1530233.0,510077.6666666667,1527.8633333333335
C1949,8,Individual,F,USA,Colorado,Home,Yes,Agency,70,2,3,1020270.72,340090.24,1274.52
C1950,0,Individual,M,USA,Ohio,Home,No,Agency,50,4,4,1033306.43,258326.6075,933.355
C1951,1,Individual,M,USA,Utah,Home,Yes,Website,29,1,4,1128864.17,282216.0425,972.335
C1952,0,Company,M,USA,Nevada,Home,No,Agency,33,3,3,1235262.65,411754.2166666666,1451.5366666666669
C1953,1,Individual,M,Germany,Bavaria,Home,Yes,Website,53,1,4,1199064.43,299766.1075,946.6525
C1954,5,Individual,F,Australia,Western Australia,Investment,No,Website,59,3,3,809731.0700000001,269910.3566666667,899.9899999999999
C1955,7,Individual,M,Canada,Quebec,Home,No,Website,27,1,4,1707150.06,426787.515,1380.26
C1956,0,Individual,F,USA,Oregon,Home,No,Agency,58,2,4,1224023.79,306005.9475,920.7075
C1957,1,Individual,M,USA,California,Home,Yes,Website,63,4,4,1318838.26,329709.565,1150.2
C1958,2,Individual,F,USA,California,Home,No,Website,55,3,4,1567012.19,391753.0475,1287.0549999999998
C1959,2,Individual,F,USA,Texas,Home,No,Website,83,1,3,626084.02,208694.67333333334,753.3133333333334
C1960,1,Individual,F,USA,Colorado,Home,Yes,Website,38,2,3,1196488.96,398829.6533333333,1350.4933333333333
C1961,0,Individual,M,USA,California,Home,No,Agency,31,5,4,1289265.38,322316.345,1138.4975
C1962,0,Individual,F,Mexico,Puebla,Home,No,Agency,30,5,3,971475.24,323825.08,1108.1033333333332
C1963,7,Company,M,USA,Texas,Home,No,Website,57,5,3,983925.13,327975.04333333333,1090.7733333333333
C1964,0,Individual,M,USA,Virginia,Home,No,Agency,53,5,3,1149434.67,383144.88999999996,1359.24
C1965,0,Individual,M,USA,California,Home,No,Agency,28,4,3,1489053.39,496351.12999999995,1579.3133333333335
C1966,0,Individual,M,Canada,British Columbia,Home,No,Agency,61,1,4,1210176.2,302544.05,1111.6475
C1967,4,Individual,M,USA,Oregon,Investment,No,Agency,68,4,3,747143.37,249047.79,859.2633333333333
C1968,3,Individual,F,USA,California,Investment,Yes,Client,67,3,3,987718.99,329239.66333333333,1072.7266666666667
C1969,6,Individual,M,USA,Colorado,Investment,Yes,Agency,32,2,4,1030940.4299999999,257735.10749999998,854.58
C1970,6,Individual,M,USA,Arizona,Investment,Yes,Website,47,4,3,1346312.7000000002,448770.9000000001,1361.7433333333333
C1971,2,Individual,F,USA,Virginia,Home,No,Website,49,5,3,673422.3200000001,224474.1066666667,775.5666666666666
C1972,1,Individual,F,USA,California,Home,Yes,Website,54,4,3,943260.84,314420.27999999997,1077.3333333333333
C1973,8,Company,M,USA,Washington,Home,Yes,Agency,32,4,4,1450499.68,362624.92,1214.7825
C1974,8,Individual,M,USA,Nevada,Home,Yes,Agency,75,5,4,968686.8500000001,242171.71250000002,809.6575
C1975,0,Individual,F,Belgium,Wallonia,Home,No,Agency,50,4,3,985031.21,328343.73666666663,1023.8800000000001
C1976,3,Individual,M,USA,Florida,Home,No,Client,30,5,4,1146120.65,286530.1625,1030.29
C1977,7,Individual,M,USA,Virginia,Home,No,Website,31,1,4,2001430.4300000002,500357.60750000004,1577.2325
C1978,6,Company,F,USA,California,Investment,Yes,Website,58,5,3,1205900.67,401966.88999999996,1290.0866666666668
C1979,8,Individual,M,USA,Colorado,Home,Yes,Agency,83,3,4,1287568.79,321892.1975,1014.73
C1980,5,Individual,F,USA,Texas,Investment,No,Website,69,4,4,1579565.09,394891.2725,1228.8325
C1981,0,Individual,F,Canada,Quebec,Home,No,Agency,33,5,4,1440160.68,360040.17,1245.935
C1982,1,Individual,M,USA,California,Home,Yes,Website,78,4,3,1545398.56,515132.85333333333,1669.3466666666666
C1983,7,Individual,M,UK,Northern Ireland,Home,No,Website,64,3,4,1317304.52,329326.13,1070.475
C1984,7,Individual,M,USA,California,Home,No,Website,69,4,3,846287.21,282095.73666666663,994.52
C1985,8,Individual,M,UK,Scotland,Home,Yes,Agency,62,1,4,1149379.8599999999,287344.96499999997,1014.73
C1986,5,Individual,M,USA,New York,Investment,No,Website,48,1,4,1442798.93,360699.7325,1153.5575
C1987,5,Individual,M,Belgium,Wallonia,Investment,No,Website,39,5,4,1316082.96,329020.74,1104.1725
C1988,1,Individual,M,USA,California,Home,Yes,Website,31,5,4,1301018.95,325254.7375,972.245
C1989,0,Individual,M,USA,Texas,Home,No,Agency,66,3,4,1380788.8599999999,345197.21499999997,1135.325
C1990,4,Individual,M,USA,Texas,Investment,No,Agency,49,5,3,1253745.81,417915.27,1303.4733333333334
C1991,2,Individual,F,USA,California,Home,No,Website,75,3,4,1134341.88,283585.47,900.39
C1992,1,Individual,F,USA,Texas,Home,Yes,Website,83,3,3,1266058.76,422019.58666666667,1445.08
C1993,7,Individual,M,USA,New York,Home,No,Website,40,2,3,1385369.38,461789.7933333333,1454.4099999999999
C1994,6,Individual,F,USA,Oregon,Investment,Yes,Website,31,3,3,1257875.21,419291.73666666663,1454.4099999999999
C1995,4,Individual,F,USA,California,Investment,No,Agency,32,4,4,1044043.64,261010.91,905.7525
C1996,1,Individual,F,USA,Nevada,Home,Yes,Website,33,1,4,1151831.48,287957.87,1027.325
C1997,1,Individual,M,USA,Arizona,Home,Yes,Website,83,4,4,1101825.4,275456.35,910.42
C1998,1,Individual,M,USA,Virginia,Home,Yes,Website,62,5,3,1023688.56,341229.52,1140.3999999999999
C1999,3,Individual,M,USA,Ohio,Home,Yes,Client,81,4,3,838587.38,279529.12666666665,919.0466666666666
C2000,8,Individual,F,USA,Georgia,Home,Yes,Agency,29,1,3,913528.5,304509.5,1033.4833333333333
